# Blender 5.0.1
# www.blender.org
mtllib String bed only.mtl
o Net
v -0.002144 3.237315 -0.553864
v 0.002144 3.237315 -0.553864
v -0.002144 3.294720 -0.553864
v 0.002144 3.294720 -0.553864
v -0.002144 3.359939 -0.553864
v 0.002144 3.359939 -0.553864
v -0.002144 3.427249 -0.553864
v 0.002144 3.427249 -0.553864
v -0.002144 3.492578 -0.553864
v 0.002144 3.492578 -0.553864
v -0.002144 3.559759 -0.553864
v 0.002144 3.559759 -0.553864
v -0.002144 3.624964 -0.553864
v 0.002144 3.624964 -0.553864
v -0.002144 3.692292 -0.553864
v 0.002144 3.692292 -0.553864
v -0.002144 3.759620 -0.553864
v 0.002144 3.759620 -0.553864
v -0.002144 3.824968 -0.553864
v 0.002144 3.824968 -0.553864
v -0.002144 3.888158 -0.553864
v 0.002144 3.888158 -0.553864
v -0.002144 3.951347 -0.553864
v 0.002144 3.951347 -0.553864
v -0.002144 4.008613 -0.553864
v 0.002144 4.008613 -0.553864
v -0.002144 4.068079 -0.553864
v 0.002144 4.068079 -0.553864
v -0.002144 3.175856 -0.506152
v 0.002144 3.175856 -0.506152
v -0.002144 3.237315 -0.506152
v 0.002144 3.237315 -0.506152
v -0.002144 3.294720 -0.506152
v 0.002144 3.294720 -0.506152
v -0.002144 3.359939 -0.506152
v 0.002144 3.359939 -0.506152
v -0.002144 3.427249 -0.506152
v 0.002144 3.427249 -0.506152
v -0.002144 3.492578 -0.506152
v 0.002144 3.492578 -0.506152
v -0.002144 3.559759 -0.506152
v 0.002144 3.559759 -0.506152
v -0.002144 3.624964 -0.506152
v 0.002144 3.624964 -0.506152
v -0.002144 3.692292 -0.506152
v 0.002144 3.692292 -0.506152
v -0.002144 3.759620 -0.506152
v 0.002144 3.759620 -0.506152
v -0.002144 3.824968 -0.506152
v 0.002144 3.824968 -0.506152
v -0.002144 3.888158 -0.506152
v 0.002144 3.888158 -0.506152
v -0.002144 3.951347 -0.506152
v 0.002144 3.951347 -0.506152
v -0.002144 4.008613 -0.506152
v 0.002144 4.008613 -0.506152
v -0.002144 4.068079 -0.506152
v 0.002144 4.068079 -0.506152
v -0.002144 4.121599 -0.506152
v 0.002144 4.121599 -0.506152
v -0.002144 3.106568 -0.470369
v 0.002144 3.106568 -0.470369
v -0.002144 3.175856 -0.470369
v 0.002144 3.175856 -0.470369
v -0.002144 3.237315 -0.470369
v 0.002144 3.237315 -0.470369
v -0.002144 3.294720 -0.470369
v 0.002144 3.294720 -0.470369
v -0.002144 3.359939 -0.470369
v 0.002144 3.359939 -0.470369
v -0.002144 3.427249 -0.470369
v 0.002144 3.427249 -0.470369
v -0.002144 3.492578 -0.470369
v 0.002144 3.492578 -0.470369
v -0.002144 3.559759 -0.470369
v 0.002144 3.559759 -0.470369
v -0.002144 3.624964 -0.470369
v 0.002144 3.624964 -0.470369
v -0.002144 3.692292 -0.470369
v 0.002144 3.692292 -0.470369
v -0.002144 3.759620 -0.470369
v 0.002144 3.759620 -0.470369
v -0.002144 3.824968 -0.470369
v 0.002144 3.824968 -0.470369
v -0.002144 3.888158 -0.470369
v 0.002144 3.888158 -0.470369
v -0.002144 3.951347 -0.470369
v 0.002144 3.951347 -0.470369
v -0.002144 4.008613 -0.470369
v 0.002144 4.008613 -0.470369
v -0.002144 4.068079 -0.470369
v 0.002144 4.068079 -0.470369
v -0.002144 4.121599 -0.470369
v 0.002144 4.121599 -0.470369
v -0.002144 4.178804 -0.470369
v 0.002144 4.178804 -0.470369
v -0.002144 3.106568 -0.430610
v 0.002144 3.106568 -0.430610
v -0.002144 3.175856 -0.430610
v 0.002144 3.175856 -0.430610
v -0.002144 3.237315 -0.430610
v 0.002144 3.237315 -0.430610
v -0.002144 3.294720 -0.430610
v 0.002144 3.294720 -0.430610
v -0.002144 3.359939 -0.430610
v 0.002144 3.359939 -0.430610
v -0.002144 3.427249 -0.430610
v 0.002144 3.427249 -0.430610
v -0.002144 3.492578 -0.430610
v 0.002144 3.492578 -0.430610
v -0.002144 3.559759 -0.430610
v 0.002144 3.559759 -0.430610
v -0.002144 3.624964 -0.430610
v 0.002144 3.624964 -0.430610
v -0.002144 3.692292 -0.430610
v 0.002144 3.692292 -0.430610
v -0.002144 3.759620 -0.430610
v 0.002144 3.759620 -0.430610
v -0.002144 3.824968 -0.430610
v 0.002144 3.824968 -0.430610
v -0.002144 3.888158 -0.430610
v 0.002144 3.888158 -0.430610
v -0.002144 3.951347 -0.430610
v 0.002144 3.951347 -0.430610
v -0.002144 4.008613 -0.430610
v 0.002144 4.008613 -0.430610
v -0.002144 4.068079 -0.430610
v 0.002144 4.068079 -0.430610
v -0.002144 4.121599 -0.430610
v 0.002144 4.121599 -0.430610
v -0.002144 4.178804 -0.430610
v 0.002144 4.178804 -0.430610
v -0.002144 4.235688 -0.430610
v 0.002144 4.235688 -0.430610
v -0.002144 3.106568 -0.379751
v 0.002144 3.106568 -0.379751
v -0.002144 3.175856 -0.379751
v 0.002144 3.175856 -0.379751
v -0.002144 3.237315 -0.379751
v 0.002144 3.237315 -0.379751
v -0.002144 3.294720 -0.379751
v 0.002144 3.294720 -0.379751
v -0.002144 3.359939 -0.379751
v 0.002144 3.359939 -0.379751
v -0.002144 3.427249 -0.379751
v 0.002144 3.427249 -0.379751
v -0.002144 3.492578 -0.379751
v 0.002144 3.492578 -0.379751
v -0.002144 3.559759 -0.379751
v 0.002144 3.559759 -0.379751
v -0.002144 3.624964 -0.379751
v 0.002144 3.624964 -0.379751
v -0.002144 3.692292 -0.379751
v 0.002144 3.692292 -0.379751
v -0.002144 3.759620 -0.379751
v 0.002144 3.759620 -0.379751
v -0.002144 3.824968 -0.379751
v 0.002144 3.824968 -0.379751
v -0.002144 3.888158 -0.379751
v 0.002144 3.888158 -0.379751
v -0.002144 3.951347 -0.379751
v 0.002144 3.951347 -0.379751
v -0.002144 4.008613 -0.379751
v 0.002144 4.008613 -0.379751
v -0.002144 4.068079 -0.379751
v 0.002144 4.068079 -0.379751
v -0.002144 4.121599 -0.379751
v 0.002144 4.121599 -0.379751
v -0.002144 4.178804 -0.379751
v 0.002144 4.178804 -0.379751
v -0.002144 4.235688 -0.379751
v 0.002144 4.235688 -0.379751
v -0.002144 4.292956 -0.379751
v 0.002144 4.292956 -0.379751
v -0.002144 3.106568 -0.322246
v 0.002144 3.106568 -0.322246
v -0.002144 3.175856 -0.322246
v 0.002144 3.175856 -0.322246
v -0.002144 3.237315 -0.322246
v 0.002144 3.237315 -0.322246
v -0.002144 3.294720 -0.322246
v 0.002144 3.294720 -0.322246
v -0.002144 3.359939 -0.322246
v 0.002144 3.359939 -0.322246
v -0.002144 3.427249 -0.322246
v 0.002144 3.427249 -0.322246
v -0.002144 3.492578 -0.322246
v 0.002144 3.492578 -0.322246
v -0.002144 3.559759 -0.322246
v 0.002144 3.559759 -0.322246
v -0.002144 3.624964 -0.322246
v 0.002144 3.624964 -0.322246
v -0.002144 3.692292 -0.322246
v 0.002144 3.692292 -0.322246
v -0.002144 3.759620 -0.322246
v 0.002144 3.759620 -0.322246
v -0.002144 3.824968 -0.322246
v 0.002144 3.824968 -0.322246
v -0.002144 3.888158 -0.322246
v 0.002144 3.888158 -0.322246
v -0.002144 3.951347 -0.322246
v 0.002144 3.951347 -0.322246
v -0.002144 4.008613 -0.322246
v 0.002144 4.008613 -0.322246
v -0.002144 4.068079 -0.322246
v 0.002144 4.068079 -0.322246
v -0.002144 4.121599 -0.322246
v 0.002144 4.121599 -0.322246
v -0.002144 4.178804 -0.322246
v 0.002144 4.178804 -0.322246
v -0.002144 4.235688 -0.322246
v 0.002144 4.235688 -0.322246
v -0.002144 4.292956 -0.322246
v 0.002144 4.292956 -0.322246
v -0.002144 4.343873 -0.322246
v 0.002144 4.343873 -0.322246
v -0.002144 3.106568 -0.256699
v 0.002144 3.106568 -0.256699
v -0.002144 3.175856 -0.256699
v 0.002144 3.175856 -0.256699
v -0.002144 3.237315 -0.256699
v 0.002144 3.237315 -0.256699
v -0.002144 3.294720 -0.256699
v 0.002144 3.294720 -0.256699
v -0.002144 3.359939 -0.256699
v 0.002144 3.359939 -0.256699
v -0.002144 3.427249 -0.256699
v 0.002144 3.427249 -0.256699
v -0.002144 3.492578 -0.256699
v 0.002144 3.492578 -0.256699
v -0.002144 3.559759 -0.256699
v 0.002144 3.559759 -0.256699
v -0.002144 3.624964 -0.256699
v 0.002144 3.624964 -0.256699
v -0.002144 3.692292 -0.256699
v 0.002144 3.692292 -0.256699
v -0.002144 3.759620 -0.256699
v 0.002144 3.759620 -0.256699
v -0.002144 3.824968 -0.256699
v 0.002144 3.824968 -0.256699
v -0.002144 3.888158 -0.256699
v 0.002144 3.888158 -0.256699
v -0.002144 3.951347 -0.256699
v 0.002144 3.951347 -0.256699
v -0.002144 4.008613 -0.256699
v 0.002144 4.008613 -0.256699
v -0.002144 4.068079 -0.256699
v 0.002144 4.068079 -0.256699
v -0.002144 4.121599 -0.256699
v 0.002144 4.121599 -0.256699
v -0.002144 4.178804 -0.256699
v 0.002144 4.178804 -0.256699
v -0.002144 4.235688 -0.256699
v 0.002144 4.235688 -0.256699
v -0.002144 4.292956 -0.256699
v 0.002144 4.292956 -0.256699
v -0.002144 4.343873 -0.256699
v 0.002144 4.343873 -0.256699
v -0.002144 3.106568 -0.193252
v 0.002144 3.106568 -0.193252
v -0.002144 3.175856 -0.193252
v 0.002144 3.175856 -0.193252
v -0.002144 3.237315 -0.193252
v 0.002144 3.237315 -0.193252
v -0.002144 3.294720 -0.193252
v 0.002144 3.294720 -0.193252
v -0.002144 3.359939 -0.193252
v 0.002144 3.359939 -0.193252
v -0.002144 3.427249 -0.193252
v 0.002144 3.427249 -0.193252
v -0.002144 3.492578 -0.193252
v 0.002144 3.492578 -0.193252
v -0.002144 3.559759 -0.193252
v 0.002144 3.559759 -0.193252
v -0.002144 3.624964 -0.193252
v 0.002144 3.624964 -0.193252
v -0.002144 3.692292 -0.193252
v 0.002144 3.692292 -0.193252
v -0.002144 3.759620 -0.193252
v 0.002144 3.759620 -0.193252
v -0.002144 3.824968 -0.193252
v 0.002144 3.824968 -0.193252
v -0.002144 3.888158 -0.193252
v 0.002144 3.888158 -0.193252
v -0.002144 3.951347 -0.193252
v 0.002144 3.951347 -0.193252
v -0.002144 4.008613 -0.193252
v 0.002144 4.008613 -0.193252
v -0.002144 4.068079 -0.193252
v 0.002144 4.068079 -0.193252
v -0.002144 4.121599 -0.193252
v 0.002144 4.121599 -0.193252
v -0.002144 4.178804 -0.193252
v 0.002144 4.178804 -0.193252
v -0.002144 4.235688 -0.193252
v 0.002144 4.235688 -0.193252
v -0.002144 4.292956 -0.193252
v 0.002144 4.292956 -0.193252
v -0.002144 4.343873 -0.193252
v 0.002144 4.343873 -0.193252
v -0.002144 3.106568 -0.137735
v 0.002144 3.106568 -0.137735
v -0.002144 3.175856 -0.137735
v 0.002144 3.175856 -0.137735
v -0.002144 3.237315 -0.137735
v 0.002144 3.237315 -0.137735
v -0.002144 3.294720 -0.137735
v 0.002144 3.294720 -0.137735
v -0.002144 3.359939 -0.137735
v 0.002144 3.359939 -0.137735
v -0.002144 3.427249 -0.137735
v 0.002144 3.427249 -0.137735
v -0.002144 3.492578 -0.137735
v 0.002144 3.492578 -0.137735
v -0.002144 3.559759 -0.137735
v 0.002144 3.559759 -0.137735
v -0.002144 3.624964 -0.137735
v 0.002144 3.624964 -0.137735
v -0.002144 3.692292 -0.137735
v 0.002144 3.692292 -0.137735
v -0.002144 3.759620 -0.137735
v 0.002144 3.759620 -0.137735
v -0.002144 3.824968 -0.137735
v 0.002144 3.824968 -0.137735
v -0.002144 3.888158 -0.137735
v 0.002144 3.888158 -0.137735
v -0.002144 3.951347 -0.137735
v 0.002144 3.951347 -0.137735
v -0.002144 4.008613 -0.137735
v 0.002144 4.008613 -0.137735
v -0.002144 4.068079 -0.137735
v 0.002144 4.068079 -0.137735
v -0.002144 4.121599 -0.137735
v 0.002144 4.121599 -0.137735
v -0.002144 4.178804 -0.137735
v 0.002144 4.178804 -0.137735
v -0.002144 4.235688 -0.137735
v 0.002144 4.235688 -0.137735
v -0.002144 4.292956 -0.137735
v 0.002144 4.292956 -0.137735
v -0.002144 4.343873 -0.137735
v 0.002144 4.343873 -0.137735
v -0.002144 3.106568 -0.077258
v 0.002144 3.106568 -0.077258
v -0.002144 3.175856 -0.077258
v 0.002144 3.175856 -0.077258
v -0.002144 3.237315 -0.077258
v 0.002144 3.237315 -0.077258
v -0.002144 3.294720 -0.077258
v 0.002144 3.294720 -0.077258
v -0.002144 3.359939 -0.077258
v 0.002144 3.359939 -0.077258
v -0.002144 3.427249 -0.077258
v 0.002144 3.427249 -0.077258
v -0.002144 3.492578 -0.077258
v 0.002144 3.492578 -0.077258
v -0.002144 3.559759 -0.077258
v 0.002144 3.559759 -0.077258
v -0.002144 3.624964 -0.077258
v 0.002144 3.624964 -0.077258
v -0.002144 3.692292 -0.077258
v 0.002144 3.692292 -0.077258
v -0.002144 3.759620 -0.077258
v 0.002144 3.759620 -0.077258
v -0.002144 3.824968 -0.077258
v 0.002144 3.824968 -0.077258
v -0.002144 3.888158 -0.077258
v 0.002144 3.888158 -0.077258
v -0.002144 3.951347 -0.077258
v 0.002144 3.951347 -0.077258
v -0.002144 4.008613 -0.077258
v 0.002144 4.008613 -0.077258
v -0.002144 4.068079 -0.077258
v 0.002144 4.068079 -0.077258
v -0.002144 4.121599 -0.077258
v 0.002144 4.121599 -0.077258
v -0.002144 4.178804 -0.077258
v 0.002144 4.178804 -0.077258
v -0.002144 4.235688 -0.077258
v 0.002144 4.235688 -0.077258
v -0.002144 4.292956 -0.077258
v 0.002144 4.292956 -0.077258
v -0.002144 4.343873 -0.077258
v 0.002144 4.343873 -0.077258
v -0.002144 3.106568 -0.023554
v 0.002144 3.106568 -0.023554
v -0.002144 3.175856 -0.023554
v 0.002144 3.175856 -0.023554
v -0.002144 3.237315 -0.023554
v 0.002144 3.237315 -0.023554
v -0.002144 3.294720 -0.023554
v 0.002144 3.294720 -0.023554
v -0.002144 3.359939 -0.023554
v 0.002144 3.359939 -0.023554
v -0.002144 3.427249 -0.023554
v 0.002144 3.427249 -0.023554
v -0.002144 3.492578 -0.023554
v 0.002144 3.492578 -0.023554
v -0.002144 3.559759 -0.023554
v 0.002144 3.559759 -0.023554
v -0.002144 3.624964 -0.023554
v 0.002144 3.624964 -0.023554
v -0.002144 3.692292 -0.023554
v 0.002144 3.692292 -0.023554
v -0.002144 3.759620 -0.023554
v 0.002144 3.759620 -0.023554
v -0.002144 3.824968 -0.023554
v 0.002144 3.824968 -0.023554
v -0.002144 3.888158 -0.023554
v 0.002144 3.888158 -0.023554
v -0.002144 3.951347 -0.023554
v 0.002144 3.951347 -0.023554
v -0.002144 4.008613 -0.023554
v 0.002144 4.008613 -0.023554
v -0.002144 4.068079 -0.023554
v 0.002144 4.068079 -0.023554
v -0.002144 4.121599 -0.023554
v 0.002144 4.121599 -0.023554
v -0.002144 4.178804 -0.023554
v 0.002144 4.178804 -0.023554
v -0.002144 4.235688 -0.023554
v 0.002144 4.235688 -0.023554
v -0.002144 4.292956 -0.023554
v 0.002144 4.292956 -0.023554
v -0.002144 4.343873 -0.023554
v 0.002144 4.343873 -0.023554
v -0.002144 3.106568 0.030030
v 0.002144 3.106568 0.030030
v -0.002144 3.175856 0.030030
v 0.002144 3.175856 0.030030
v -0.002144 3.237315 0.030030
v 0.002144 3.237315 0.030030
v -0.002144 3.294720 0.030030
v 0.002144 3.294720 0.030030
v -0.002144 3.359939 0.030030
v 0.002144 3.359939 0.030030
v -0.002144 3.427249 0.030030
v 0.002144 3.427249 0.030030
v -0.002144 3.492578 0.030030
v 0.002144 3.492578 0.030030
v -0.002144 3.559759 0.030030
v 0.002144 3.559759 0.030030
v -0.002144 3.624964 0.030030
v 0.002144 3.624964 0.030030
v -0.002144 3.692292 0.030030
v 0.002144 3.692292 0.030030
v -0.002144 3.759620 0.030030
v 0.002144 3.759620 0.030030
v -0.002144 3.824968 0.030030
v 0.002144 3.824968 0.030030
v -0.002144 3.888158 0.030030
v 0.002144 3.888158 0.030030
v -0.002144 3.951347 0.030030
v 0.002144 3.951347 0.030030
v -0.002144 4.008613 0.030030
v 0.002144 4.008613 0.030030
v -0.002144 4.068079 0.030030
v 0.002144 4.068079 0.030030
v -0.002144 4.121599 0.030030
v 0.002144 4.121599 0.030030
v -0.002144 4.178804 0.030030
v 0.002144 4.178804 0.030030
v -0.002144 4.235688 0.030030
v 0.002144 4.235688 0.030030
v -0.002144 4.292956 0.030030
v 0.002144 4.292956 0.030030
v -0.002144 4.343873 0.030030
v 0.002144 4.343873 0.030030
v -0.002144 3.106568 0.087721
v 0.002144 3.106568 0.087721
v -0.002144 3.175856 0.087721
v 0.002144 3.175856 0.087721
v -0.002144 3.237315 0.087721
v 0.002144 3.237315 0.087721
v -0.002144 3.294720 0.087721
v 0.002144 3.294720 0.087721
v -0.002144 3.359939 0.087721
v 0.002144 3.359939 0.087721
v -0.002144 3.427249 0.087721
v 0.002144 3.427249 0.087721
v -0.002144 3.492578 0.087721
v 0.002144 3.492578 0.087721
v -0.002144 3.559759 0.087721
v 0.002144 3.559759 0.087721
v -0.002144 3.624964 0.087721
v 0.002144 3.624964 0.087721
v -0.002144 3.692292 0.087721
v 0.002144 3.692292 0.087721
v -0.002144 3.759620 0.087721
v 0.002144 3.759620 0.087721
v -0.002144 3.824968 0.087721
v 0.002144 3.824968 0.087721
v -0.002144 3.888158 0.087721
v 0.002144 3.888158 0.087721
v -0.002144 3.951347 0.087721
v 0.002144 3.951347 0.087721
v -0.002144 4.008613 0.087721
v 0.002144 4.008613 0.087721
v -0.002144 4.068079 0.087721
v 0.002144 4.068079 0.087721
v -0.002144 4.121599 0.087721
v 0.002144 4.121599 0.087721
v -0.002144 4.178804 0.087721
v 0.002144 4.178804 0.087721
v -0.002144 4.235688 0.087721
v 0.002144 4.235688 0.087721
v -0.002144 4.292956 0.087721
v 0.002144 4.292956 0.087721
v -0.002144 4.343873 0.087721
v 0.002144 4.343873 0.087721
v -0.002144 3.106568 0.147247
v 0.002144 3.106568 0.147247
v -0.002144 3.175856 0.147247
v 0.002144 3.175856 0.147247
v -0.002144 3.237315 0.147247
v 0.002144 3.237315 0.147247
v -0.002144 3.294720 0.147247
v 0.002144 3.294720 0.147247
v -0.002144 3.359939 0.147247
v 0.002144 3.359939 0.147247
v -0.002144 3.427249 0.147247
v 0.002144 3.427249 0.147247
v -0.002144 3.492578 0.147247
v 0.002144 3.492578 0.147247
v -0.002144 3.559759 0.147247
v 0.002144 3.559759 0.147247
v -0.002144 3.624964 0.147247
v 0.002144 3.624964 0.147247
v -0.002144 3.692292 0.147247
v 0.002144 3.692292 0.147247
v -0.002144 3.759620 0.147247
v 0.002144 3.759620 0.147247
v -0.002144 3.824968 0.147247
v 0.002144 3.824968 0.147247
v -0.002144 3.888158 0.147247
v 0.002144 3.888158 0.147247
v -0.002144 3.951347 0.147247
v 0.002144 3.951347 0.147247
v -0.002144 4.008613 0.147247
v 0.002144 4.008613 0.147247
v -0.002144 4.068079 0.147247
v 0.002144 4.068079 0.147247
v -0.002144 4.121599 0.147247
v 0.002144 4.121599 0.147247
v -0.002144 4.178804 0.147247
v 0.002144 4.178804 0.147247
v -0.002144 4.235688 0.147247
v 0.002144 4.235688 0.147247
v -0.002144 4.292956 0.147247
v 0.002144 4.292956 0.147247
v -0.002144 4.343873 0.147247
v 0.002144 4.343873 0.147247
v -0.002144 3.106568 0.202805
v 0.002144 3.106568 0.202805
v -0.002144 3.175856 0.202805
v 0.002144 3.175856 0.202805
v -0.002144 3.237315 0.202805
v 0.002144 3.237315 0.202805
v -0.002144 3.294720 0.202805
v 0.002144 3.294720 0.202805
v -0.002144 3.359939 0.202805
v 0.002144 3.359939 0.202805
v -0.002144 3.427249 0.202805
v 0.002144 3.427249 0.202805
v -0.002144 3.492578 0.202805
v 0.002144 3.492578 0.202805
v -0.002144 3.559759 0.202805
v 0.002144 3.559759 0.202805
v -0.002144 3.624964 0.202805
v 0.002144 3.624964 0.202805
v -0.002144 3.692292 0.202805
v 0.002144 3.692292 0.202805
v -0.002144 3.759620 0.202805
v 0.002144 3.759620 0.202805
v -0.002144 3.824968 0.202805
v 0.002144 3.824968 0.202805
v -0.002144 3.888158 0.202805
v 0.002144 3.888158 0.202805
v -0.002144 3.951347 0.202805
v 0.002144 3.951347 0.202805
v -0.002144 4.008613 0.202805
v 0.002144 4.008613 0.202805
v -0.002144 4.068079 0.202805
v 0.002144 4.068079 0.202805
v -0.002144 4.121599 0.202805
v 0.002144 4.121599 0.202805
v -0.002144 4.178804 0.202805
v 0.002144 4.178804 0.202805
v -0.002144 4.235688 0.202805
v 0.002144 4.235688 0.202805
v -0.002144 4.292956 0.202805
v 0.002144 4.292956 0.202805
v -0.002144 4.343873 0.202805
v 0.002144 4.343873 0.202805
v -0.002144 3.106568 0.264316
v 0.002144 3.106568 0.264316
v -0.002144 3.175856 0.264316
v 0.002144 3.175856 0.264316
v -0.002144 3.237315 0.264316
v 0.002144 3.237315 0.264316
v -0.002144 3.294720 0.264316
v 0.002144 3.294720 0.264316
v -0.002144 3.359939 0.264316
v 0.002144 3.359939 0.264316
v -0.002144 3.427249 0.264316
v 0.002144 3.427249 0.264316
v -0.002144 3.492578 0.264316
v 0.002144 3.492578 0.264316
v -0.002144 3.559759 0.264316
v 0.002144 3.559759 0.264316
v -0.002144 3.624964 0.264316
v 0.002144 3.624964 0.264316
v -0.002144 3.692292 0.264316
v 0.002144 3.692292 0.264316
v -0.002144 3.759620 0.264316
v 0.002144 3.759620 0.264316
v -0.002144 3.824968 0.264316
v 0.002144 3.824968 0.264316
v -0.002144 3.888158 0.264316
v 0.002144 3.888158 0.264316
v -0.002144 3.951347 0.264316
v 0.002144 3.951347 0.264316
v -0.002144 4.008613 0.264316
v 0.002144 4.008613 0.264316
v -0.002144 4.068079 0.264316
v 0.002144 4.068079 0.264316
v -0.002144 4.121599 0.264316
v 0.002144 4.121599 0.264316
v -0.002144 4.178804 0.264316
v 0.002144 4.178804 0.264316
v -0.002144 4.235688 0.264316
v 0.002144 4.235688 0.264316
v -0.002144 4.292956 0.264316
v 0.002144 4.292956 0.264316
v -0.002144 4.343873 0.264316
v 0.002144 4.343873 0.264316
v -0.002144 3.106568 0.326033
v 0.002144 3.106568 0.326033
v -0.002144 3.175856 0.326033
v 0.002144 3.175856 0.326033
v -0.002144 3.237315 0.326033
v 0.002144 3.237315 0.326033
v -0.002144 3.294720 0.326033
v 0.002144 3.294720 0.326033
v -0.002144 3.359939 0.326033
v 0.002144 3.359939 0.326033
v -0.002144 3.427249 0.326033
v 0.002144 3.427249 0.326033
v -0.002144 3.492578 0.326033
v 0.002144 3.492578 0.326033
v -0.002144 3.559759 0.326033
v 0.002144 3.559759 0.326033
v -0.002144 3.624964 0.326033
v 0.002144 3.624964 0.326033
v -0.002144 3.692292 0.326033
v 0.002144 3.692292 0.326033
v -0.002144 3.759620 0.326033
v 0.002144 3.759620 0.326033
v -0.002144 3.824968 0.326033
v 0.002144 3.824968 0.326033
v -0.002144 3.888158 0.326033
v 0.002144 3.888158 0.326033
v -0.002144 3.951347 0.326033
v 0.002144 3.951347 0.326033
v -0.002144 4.008613 0.326033
v 0.002144 4.008613 0.326033
v -0.002144 4.068079 0.326033
v 0.002144 4.068079 0.326033
v -0.002144 4.121599 0.326033
v 0.002144 4.121599 0.326033
v -0.002144 4.178804 0.326033
v 0.002144 4.178804 0.326033
v -0.002144 4.235688 0.326033
v 0.002144 4.235688 0.326033
v -0.002144 4.292956 0.326033
v 0.002144 4.292956 0.326033
v -0.002144 4.343873 0.326033
v 0.002144 4.343873 0.326033
v -0.002144 3.106568 0.387519
v 0.002144 3.106568 0.387519
v -0.002144 3.175856 0.387519
v 0.002144 3.175856 0.387519
v -0.002144 3.237315 0.387519
v 0.002144 3.237315 0.387519
v -0.002144 3.294720 0.387519
v 0.002144 3.294720 0.387519
v -0.002144 3.359939 0.387519
v 0.002144 3.359939 0.387519
v -0.002144 3.427249 0.387519
v 0.002144 3.427249 0.387519
v -0.002144 3.492578 0.387519
v 0.002144 3.492578 0.387519
v -0.002144 3.559759 0.387519
v 0.002144 3.559759 0.387519
v -0.002144 3.624964 0.387519
v 0.002144 3.624964 0.387519
v -0.002144 3.692292 0.387519
v 0.002144 3.692292 0.387519
v -0.002144 3.759620 0.387519
v 0.002144 3.759620 0.387519
v -0.002144 3.824968 0.387519
v 0.002144 3.824968 0.387519
v -0.002144 3.888158 0.387519
v 0.002144 3.888158 0.387519
v -0.002144 3.951347 0.387519
v 0.002144 3.951347 0.387519
v -0.002144 4.008613 0.387519
v 0.002144 4.008613 0.387519
v -0.002144 4.068079 0.387519
v 0.002144 4.068079 0.387519
v -0.002144 4.121599 0.387519
v 0.002144 4.121599 0.387519
v -0.002144 4.178804 0.387519
v 0.002144 4.178804 0.387519
v -0.002144 4.235688 0.387519
v 0.002144 4.235688 0.387519
v -0.002144 4.292956 0.387519
v 0.002144 4.292956 0.387519
v -0.002144 3.106568 0.435324
v 0.002144 3.106568 0.435324
v -0.002144 3.175856 0.435324
v 0.002144 3.175856 0.435324
v -0.002144 3.237315 0.435324
v 0.002144 3.237315 0.435324
v -0.002144 3.294720 0.435324
v 0.002144 3.294720 0.435324
v -0.002144 3.359939 0.435324
v 0.002144 3.359939 0.435324
v -0.002144 3.427249 0.435324
v 0.002144 3.427249 0.435324
v -0.002144 3.492578 0.435324
v 0.002144 3.492578 0.435324
v -0.002144 3.559759 0.435324
v 0.002144 3.559759 0.435324
v -0.002144 3.624964 0.435324
v 0.002144 3.624964 0.435324
v -0.002144 3.692292 0.435324
v 0.002144 3.692292 0.435324
v -0.002144 3.759620 0.435324
v 0.002144 3.759620 0.435324
v -0.002144 3.824968 0.435324
v 0.002144 3.824968 0.435324
v -0.002144 3.888158 0.435324
v 0.002144 3.888158 0.435324
v -0.002144 3.951347 0.435324
v 0.002144 3.951347 0.435324
v -0.002144 4.008613 0.435324
v 0.002144 4.008613 0.435324
v -0.002144 4.068079 0.435324
v 0.002144 4.068079 0.435324
v -0.002144 4.121599 0.435324
v 0.002144 4.121599 0.435324
v -0.002144 4.178804 0.435324
v 0.002144 4.178804 0.435324
v -0.002144 4.235688 0.435324
v 0.002144 4.235688 0.435324
v -0.002144 3.106568 0.473169
v 0.002144 3.106568 0.473169
v -0.002144 3.175856 0.473169
v 0.002144 3.175856 0.473169
v -0.002144 3.237315 0.473169
v 0.002144 3.237315 0.473169
v -0.002144 3.294720 0.473169
v 0.002144 3.294720 0.473169
v -0.002144 3.359939 0.473169
v 0.002144 3.359939 0.473169
v -0.002144 3.427249 0.473169
v 0.002144 3.427249 0.473169
v -0.002144 3.492578 0.473169
v 0.002144 3.492578 0.473169
v -0.002144 3.559759 0.473169
v 0.002144 3.559759 0.473169
v -0.002144 3.624964 0.473169
v 0.002144 3.624964 0.473169
v -0.002144 3.692292 0.473169
v 0.002144 3.692292 0.473169
v -0.002144 3.759620 0.473169
v 0.002144 3.759620 0.473169
v -0.002144 3.824968 0.473169
v 0.002144 3.824968 0.473169
v -0.002144 3.888158 0.473169
v 0.002144 3.888158 0.473169
v -0.002144 3.951347 0.473169
v 0.002144 3.951347 0.473169
v -0.002144 4.008613 0.473169
v 0.002144 4.008613 0.473169
v -0.002144 4.068079 0.473169
v 0.002144 4.068079 0.473169
v -0.002144 4.121599 0.473169
v 0.002144 4.121599 0.473169
v -0.002144 4.178804 0.473169
v 0.002144 4.178804 0.473169
v -0.002144 3.175856 0.509209
v 0.002144 3.175856 0.509209
v -0.002144 3.237315 0.509209
v 0.002144 3.237315 0.509209
v -0.002144 3.294720 0.509209
v 0.002144 3.294720 0.509209
v -0.002144 3.359939 0.509209
v 0.002144 3.359939 0.509209
v -0.002144 3.427249 0.509209
v 0.002144 3.427249 0.509209
v -0.002144 3.492578 0.509209
v 0.002144 3.492578 0.509209
v -0.002144 3.559759 0.509209
v 0.002144 3.559759 0.509209
v -0.002144 3.624964 0.509209
v 0.002144 3.624964 0.509209
v -0.002144 3.692292 0.509209
v 0.002144 3.692292 0.509209
v -0.002144 3.759620 0.509209
v 0.002144 3.759620 0.509209
v -0.002144 3.824968 0.509209
v 0.002144 3.824968 0.509209
v -0.002144 3.888158 0.509209
v 0.002144 3.888158 0.509209
v -0.002144 3.951347 0.509209
v 0.002144 3.951347 0.509209
v -0.002144 4.008613 0.509209
v 0.002144 4.008613 0.509209
v -0.002144 4.068079 0.509209
v 0.002144 4.068079 0.509209
v -0.002144 4.121599 0.509209
v 0.002144 4.121599 0.509209
v -0.002144 3.237315 0.555260
v 0.002144 3.237315 0.555260
v -0.002144 3.294720 0.555260
v 0.002144 3.294720 0.555260
v -0.002144 3.359939 0.555260
v 0.002144 3.359939 0.555260
v -0.002144 3.427249 0.555260
v 0.002144 3.427249 0.555260
v -0.002144 3.492578 0.555260
v 0.002144 3.492578 0.555260
v -0.002144 3.559759 0.555260
v 0.002144 3.559759 0.555260
v -0.002144 3.624964 0.555260
v 0.002144 3.624964 0.555260
v -0.002144 3.692292 0.555260
v 0.002144 3.692292 0.555260
v -0.002144 3.759620 0.555260
v 0.002144 3.759620 0.555260
v -0.002144 3.824968 0.555260
v 0.002144 3.824968 0.555260
v -0.002144 3.888158 0.555260
v 0.002144 3.888158 0.555260
v -0.002144 3.951347 0.555260
v 0.002144 3.951347 0.555260
v -0.002144 4.008613 0.555260
v 0.002144 4.008613 0.555260
v -0.002144 4.068079 0.555260
v 0.002144 4.068079 0.555260
v -0.002144 4.324163 0.387519
v 0.002144 4.324163 0.387519
v -0.002144 4.068079 0.556922
v 0.002144 4.068079 0.556922
v -0.002144 3.194706 -0.553864
v 0.002144 3.194706 -0.553864
v -0.002144 2.936544 -0.322246
v 0.002144 2.936544 -0.322246
v -0.002144 2.872599 0.147247
v 0.002144 2.872599 0.147247
v -0.002144 4.381716 -0.322246
v 0.002144 4.381716 -0.322246
v -0.002144 4.414258 0.264316
v 0.002144 4.414258 0.264316
v -0.002144 2.866069 -0.137735
v 0.002144 2.866069 -0.137735
v -0.002144 3.106568 -0.496859
v 0.002144 3.106568 -0.496859
v -0.002144 2.936545 0.326033
v 0.002144 2.936545 0.326033
v -0.002144 3.237315 -0.576266
v 0.002144 3.237315 -0.576266
v -0.002144 4.121599 0.535113
v 0.002144 4.121599 0.535113
v -0.002144 4.343873 -0.362687
v 0.002144 4.343873 -0.362687
v -0.002144 3.294720 -0.594227
v 0.002144 3.294720 -0.594227
v -0.002144 4.464845 0.087721
v 0.002144 4.464845 0.087721
v -0.002144 4.440545 -0.193252
v 0.002144 4.440545 -0.193252
v -0.002144 2.914472 0.264316
v 0.002144 2.914472 0.264316
v -0.002144 3.359939 -0.614633
v 0.002144 3.359939 -0.614633
v -0.002144 4.292956 -0.417680
v 0.002144 4.292956 -0.417680
v -0.002144 3.175856 -0.543953
v 0.002144 3.175856 -0.543953
v -0.002144 4.178804 0.499503
v 0.002144 4.178804 0.499503
v -0.002144 3.026068 -0.430610
v 0.002144 3.026068 -0.430610
v -0.002144 3.427249 -0.624368
v 0.002144 3.427249 -0.624368
v -0.002144 4.163213 0.509209
v 0.002144 4.163213 0.509209
v -0.002144 2.849579 0.030030
v 0.002144 2.849579 0.030030
v -0.002144 2.908543 -0.256699
v 0.002144 2.908543 -0.256699
v -0.002144 4.072157 0.555260
v 0.002144 4.072157 0.555260
v -0.002144 3.073388 0.473169
v 0.002144 3.073388 0.473169
v -0.002144 3.492578 -0.633817
v 0.002144 3.492578 -0.633817
v -0.002144 2.892471 0.202805
v 0.002144 2.892471 0.202805
v -0.002144 4.343873 0.365984
v 0.002144 4.343873 0.365984
v -0.002144 4.235688 0.464094
v 0.002144 4.235688 0.464094
v -0.002144 3.559759 -0.639009
v 0.002144 3.559759 -0.639009
v -0.002144 4.472119 -0.023554
v 0.002144 4.472119 -0.023554
v -0.002144 4.178804 -0.497942
v 0.002144 4.178804 -0.497942
v -0.002144 4.235688 -0.463148
v 0.002144 4.235688 -0.463148
v -0.002144 4.224041 -0.470369
v 0.002144 4.224041 -0.470369
v -0.002144 3.624964 -0.644048
v 0.002144 3.624964 -0.644048
v -0.002144 4.455216 0.147247
v 0.002144 4.455216 0.147247
v -0.002144 4.270669 0.435324
v 0.002144 4.270669 0.435324
v -0.002144 3.692292 -0.639572
v 0.002144 3.692292 -0.639572
v -0.002144 3.117860 -0.506152
v 0.002144 3.117860 -0.506152
v -0.002144 4.121599 -0.530225
v 0.002144 4.121599 -0.530225
v -0.002144 2.856094 -0.077258
v 0.002144 2.856094 -0.077258
v -0.002144 2.984052 -0.379751
v 0.002144 2.984052 -0.379751
v -0.002144 2.993731 0.387519
v 0.002144 2.993731 0.387519
v -0.002144 3.759620 -0.635096
v 0.002144 3.759620 -0.635096
v -0.002144 2.860908 0.087721
v 0.002144 2.860908 0.087721
v -0.002144 3.129426 0.509209
v 0.002144 3.129426 0.509209
v -0.002144 3.824968 -0.622890
v 0.002144 3.824968 -0.622890
v -0.002144 4.277904 -0.430610
v 0.002144 4.277904 -0.430610
v -0.002144 4.453334 -0.137735
v 0.002144 4.453334 -0.137735
v -0.002144 4.331838 -0.379751
v 0.002144 4.331838 -0.379751
v -0.002144 4.221109 0.473169
v 0.002144 4.221109 0.473169
v -0.002144 3.888158 -0.611086
v 0.002144 3.888158 -0.611086
v -0.002144 4.473797 0.030030
v 0.002144 4.473797 0.030030
v -0.002144 3.237315 0.578596
v 0.002144 3.237315 0.578596
v -0.002144 3.294720 0.592721
v 0.002144 3.294720 0.592721
v -0.002144 3.951347 -0.594834
v 0.002144 3.951347 -0.594834
v -0.002144 3.359939 0.608768
v 0.002144 3.359939 0.608768
v -0.002144 3.427249 0.625330
v 0.002144 3.427249 0.625330
v -0.002144 2.881437 -0.193252
v 0.002144 2.881437 -0.193252
v -0.002144 3.492578 0.636038
v 0.002144 3.492578 0.636038
v -0.002144 3.074380 -0.470369
v 0.002144 3.074380 -0.470369
v -0.002144 4.008613 -0.578824
v 0.002144 4.008613 -0.578824
v -0.002144 3.559759 0.638996
v 0.002144 3.559759 0.638996
v -0.002144 3.175856 0.539070
v 0.002144 3.175856 0.539070
v -0.002144 2.850486 -0.023554
v 0.002144 2.850486 -0.023554
v -0.002144 3.624964 0.641866
v 0.002144 3.624964 0.641866
v -0.002144 4.164256 -0.506152
v 0.002144 4.164256 -0.506152
v -0.002144 4.380436 0.326033
v 0.002144 4.380436 0.326033
v -0.002144 3.692292 0.641559
v 0.002144 3.692292 0.641559
v -0.002144 3.038191 0.435324
v 0.002144 3.038191 0.435324
v -0.002144 4.292956 0.415407
v 0.002144 4.292956 0.415407
v -0.002144 3.759620 0.634919
v 0.002144 3.759620 0.634919
v -0.002144 3.824968 0.628474
v 0.002144 3.824968 0.628474
v -0.002144 4.416246 -0.256699
v 0.002144 4.416246 -0.256699
v -0.002144 3.888158 0.612192
v 0.002144 3.888158 0.612192
v -0.002144 3.106568 0.494508
v 0.002144 3.106568 0.494508
v -0.002144 3.951347 0.595910
v 0.002144 3.951347 0.595910
v -0.002144 4.440050 0.202805
v 0.002144 4.440050 0.202805
v -0.002144 3.201030 0.555260
v 0.002144 3.201030 0.555260
v -0.002144 4.463565 -0.077258
v 0.002144 4.463565 -0.077258
v -0.002144 4.008613 0.581154
v 0.002144 4.008613 0.581154
v -0.002144 4.427756 0.239683
v 0.002144 4.427756 0.239683
v -0.002144 3.903403 -0.608239
v 0.002144 3.903403 -0.608239
v -0.002144 2.871320 -0.169570
v 0.002144 2.871320 -0.169570
v -0.002144 3.142449 -0.526388
v 0.002144 3.142449 -0.526388
v -0.002144 3.466015 0.634868
v 0.002144 3.466015 0.634868
v -0.002144 3.669361 0.643821
v 0.002144 3.669361 0.643821
v -0.002144 4.244871 0.458378
v 0.002144 4.244871 0.458378
v -0.002144 4.187320 -0.493136
v 0.002144 4.187320 -0.493136
v -0.002144 4.251266 -0.453490
v 0.002144 4.251266 -0.453490
v -0.002144 4.452056 0.166785
v 0.002144 4.452056 0.166785
v -0.002144 2.850857 -0.045515
v 0.002144 2.850857 -0.045515
v 0.000000 3.235171 -0.556008
v 0.000000 3.203391 -0.556008
v 0.000000 3.235171 -0.572716
v 0.000000 3.292576 -0.556008
v 0.000000 3.239459 -0.556008
v 0.000000 3.239459 -0.574690
v 0.000000 3.292576 -0.591310
v 0.000000 3.357795 -0.556008
v 0.000000 3.296864 -0.556008
v 0.000000 3.296864 -0.592652
v 0.000000 3.357795 -0.611716
v 0.000000 3.425105 -0.556008
v 0.000000 3.362083 -0.556008
v 0.000000 3.362083 -0.612777
v 0.000000 3.425105 -0.621892
v 0.000000 3.490434 -0.556008
v 0.000000 3.429393 -0.556008
v 0.000000 3.429393 -0.622512
v 0.000000 3.490434 -0.631341
v 0.000000 3.557615 -0.556008
v 0.000000 3.494722 -0.556008
v 0.000000 3.494722 -0.631832
v 0.000000 3.557615 -0.636693
v 0.000000 3.622820 -0.556008
v 0.000000 3.561903 -0.556008
v 0.000000 3.561903 -0.637024
v 0.000000 3.622820 -0.641732
v -0.000000 3.690148 -0.556008
v 0.000000 3.627108 -0.556008
v 0.000000 3.627108 -0.641757
v -0.000000 3.690148 -0.637566
v -0.000000 3.757476 -0.556008
v -0.000000 3.694436 -0.556008
v -0.000000 3.694436 -0.637281
v -0.000000 3.757476 -0.633090
v -0.000000 3.822824 -0.556008
v -0.000000 3.761764 -0.556008
v -0.000000 3.761764 -0.632514
v -0.000000 3.822824 -0.621109
v -0.000000 3.886014 -0.556008
v -0.000000 3.827112 -0.556008
v -0.000000 3.827112 -0.620308
v -0.000000 3.886014 -0.609306
v -0.000000 3.949203 -0.556008
v -0.000000 3.890302 -0.556008
v -0.000000 3.890302 -0.608505
v -0.000000 3.902916 -0.606149
v -0.000000 3.949203 -0.593207
v -0.000000 4.006469 -0.556008
v -0.000000 3.953491 -0.556008
v -0.000000 3.953491 -0.592008
v -0.000000 4.006469 -0.577197
v -0.000000 4.057432 -0.556008
v -0.000000 4.010757 -0.556008
v -0.000000 4.010757 -0.575599
v -0.000000 4.119455 -0.508296
v -0.000000 4.070223 -0.508296
v -0.000000 4.070223 -0.550573
v -0.000000 4.119455 -0.528828
v -0.000000 4.065936 -0.508296
v -0.000000 4.010757 -0.508296
v -0.000000 4.010757 -0.551720
v -0.000000 4.065936 -0.551720
v -0.000000 4.006469 -0.508296
v -0.000000 3.953491 -0.508296
v -0.000000 3.953491 -0.551720
v -0.000000 4.006469 -0.551720
v -0.000000 3.949203 -0.508296
v -0.000000 3.890302 -0.508296
v -0.000000 3.890302 -0.551720
v -0.000000 3.949203 -0.551720
v -0.000000 3.886014 -0.508296
v -0.000000 3.827112 -0.508296
v -0.000000 3.827112 -0.551720
v -0.000000 3.886014 -0.551720
v -0.000000 3.822824 -0.508296
v -0.000000 3.761764 -0.508296
v -0.000000 3.761764 -0.551720
v -0.000000 3.822824 -0.551720
v -0.000000 3.757476 -0.508296
v -0.000000 3.694436 -0.508296
v -0.000000 3.694436 -0.551720
v -0.000000 3.757476 -0.551720
v -0.000000 3.690148 -0.508296
v 0.000000 3.627108 -0.508296
v 0.000000 3.627108 -0.551720
v -0.000000 3.690148 -0.551720
v 0.000000 3.622820 -0.508296
v 0.000000 3.561903 -0.508296
v 0.000000 3.561903 -0.551720
v 0.000000 3.622820 -0.551720
v 0.000000 3.557615 -0.508296
v 0.000000 3.494722 -0.508296
v 0.000000 3.494722 -0.551720
v 0.000000 3.557615 -0.551720
v 0.000000 3.490434 -0.508296
v 0.000000 3.429393 -0.508296
v 0.000000 3.429393 -0.551720
v 0.000000 3.490434 -0.551720
v 0.000000 3.425105 -0.508296
v 0.000000 3.362083 -0.508296
v 0.000000 3.362083 -0.551720
v 0.000000 3.425105 -0.551720
v 0.000000 3.357795 -0.508296
v 0.000000 3.296864 -0.508296
v 0.000000 3.296864 -0.551720
v 0.000000 3.357795 -0.551720
v 0.000000 3.292576 -0.508296
v 0.000000 3.239459 -0.508296
v 0.000000 3.239459 -0.551720
v 0.000000 3.292576 -0.551720
v 0.000000 3.235171 -0.508296
v 0.000000 3.178000 -0.508296
v 0.000000 3.178000 -0.542658
v 0.000000 3.195235 -0.551720
v 0.000000 3.235171 -0.551720
v 0.000000 3.173712 -0.508296
v 0.000000 3.123839 -0.508296
v 0.000000 3.143641 -0.524593
v 0.000000 3.173712 -0.540403
v 0.000000 3.104424 -0.472513
v 0.000000 3.080359 -0.472513
v 0.000000 3.104424 -0.492318
v 0.000000 3.173712 -0.472513
v 0.000000 3.108712 -0.472513
v 0.000000 3.108712 -0.495847
v 0.000000 3.118629 -0.504008
v 0.000000 3.173712 -0.504008
v 0.000000 3.235171 -0.472513
v 0.000000 3.178000 -0.472513
v 0.000000 3.178000 -0.504008
v 0.000000 3.235171 -0.504008
v 0.000000 3.292576 -0.472513
v 0.000000 3.239459 -0.472513
v 0.000000 3.239459 -0.504008
v 0.000000 3.292576 -0.504008
v 0.000000 3.357795 -0.472513
v 0.000000 3.296864 -0.472513
v 0.000000 3.296864 -0.504008
v 0.000000 3.357795 -0.504008
v 0.000000 3.425105 -0.472513
v 0.000000 3.362083 -0.472513
v 0.000000 3.362083 -0.504008
v 0.000000 3.425105 -0.504008
v 0.000000 3.490434 -0.472513
v 0.000000 3.429393 -0.472513
v 0.000000 3.429393 -0.504008
v 0.000000 3.490434 -0.504008
v 0.000000 3.557615 -0.472513
v 0.000000 3.494722 -0.472513
v 0.000000 3.494722 -0.504008
v 0.000000 3.557615 -0.504008
v 0.000000 3.622820 -0.472513
v 0.000000 3.561903 -0.472513
v 0.000000 3.561903 -0.504008
v 0.000000 3.622820 -0.504008
v -0.000000 3.690148 -0.472513
v 0.000000 3.627108 -0.472513
v 0.000000 3.627108 -0.504008
v -0.000000 3.690148 -0.504008
v -0.000000 3.757476 -0.472513
v -0.000000 3.694436 -0.472513
v -0.000000 3.694436 -0.504008
v -0.000000 3.757476 -0.504008
v -0.000000 3.822824 -0.472513
v -0.000000 3.761764 -0.472513
v -0.000000 3.761764 -0.504008
v -0.000000 3.822824 -0.504008
v -0.000000 3.886014 -0.472513
v -0.000000 3.827112 -0.472513
v -0.000000 3.827112 -0.504008
v -0.000000 3.886014 -0.504008
v -0.000000 3.949203 -0.472513
v -0.000000 3.890302 -0.472513
v -0.000000 3.890302 -0.504008
v -0.000000 3.949203 -0.504008
v -0.000000 4.006469 -0.472513
v -0.000000 3.953491 -0.472513
v -0.000000 3.953491 -0.504008
v -0.000000 4.006469 -0.504008
v -0.000000 4.065936 -0.472513
v -0.000000 4.010757 -0.472513
v -0.000000 4.010757 -0.504008
v -0.000000 4.065936 -0.504008
v -0.000000 4.119455 -0.472513
v -0.000000 4.070223 -0.472513
v -0.000000 4.070223 -0.504008
v -0.000000 4.119455 -0.504008
v -0.000000 4.176661 -0.472513
v -0.000000 4.123744 -0.472513
v -0.000000 4.123744 -0.504008
v -0.000000 4.163693 -0.504008
v -0.000000 4.176661 -0.496691
v -0.000000 4.233544 -0.432754
v -0.000000 4.180949 -0.432754
v -0.000000 4.180949 -0.468225
v -0.000000 4.223431 -0.468225
v -0.000000 4.233544 -0.461955
v -0.000000 4.176661 -0.432754
v -0.000000 4.123744 -0.432754
v -0.000000 4.123744 -0.468225
v -0.000000 4.176661 -0.468225
v -0.000000 4.119455 -0.432754
v -0.000000 4.070223 -0.432754
v -0.000000 4.070223 -0.468225
v -0.000000 4.119455 -0.468225
v -0.000000 4.065936 -0.432754
v -0.000000 4.010757 -0.432754
v -0.000000 4.010757 -0.468225
v -0.000000 4.065936 -0.468225
v -0.000000 4.006469 -0.432754
v -0.000000 3.953491 -0.432754
v -0.000000 3.953491 -0.468225
v -0.000000 4.006469 -0.468225
v -0.000000 3.949203 -0.432754
v -0.000000 3.890302 -0.432754
v -0.000000 3.890302 -0.468225
v -0.000000 3.949203 -0.468225
v -0.000000 3.886014 -0.432754
v -0.000000 3.827112 -0.432754
v -0.000000 3.827112 -0.468225
v -0.000000 3.886014 -0.468225
v -0.000000 3.822824 -0.432754
v -0.000000 3.761764 -0.432754
v -0.000000 3.761764 -0.468225
v -0.000000 3.822824 -0.468225
v -0.000000 3.757476 -0.432754
v -0.000000 3.694436 -0.432754
v -0.000000 3.694436 -0.468225
v -0.000000 3.757476 -0.468225
v -0.000000 3.690148 -0.432754
v 0.000000 3.627108 -0.432754
v 0.000000 3.627108 -0.468225
v -0.000000 3.690148 -0.468225
v 0.000000 3.622820 -0.432754
v 0.000000 3.561903 -0.432754
v 0.000000 3.561903 -0.468225
v 0.000000 3.622820 -0.468225
v 0.000000 3.557615 -0.432754
v 0.000000 3.494722 -0.432754
v 0.000000 3.494722 -0.468225
v 0.000000 3.557615 -0.468225
v 0.000000 3.490434 -0.432754
v 0.000000 3.429393 -0.432754
v 0.000000 3.429393 -0.468225
v 0.000000 3.490434 -0.468225
v 0.000000 3.425105 -0.432754
v 0.000000 3.362083 -0.432754
v 0.000000 3.362083 -0.468225
v 0.000000 3.425105 -0.468225
v 0.000000 3.357795 -0.432754
v 0.000000 3.296864 -0.432754
v 0.000000 3.296864 -0.468225
v 0.000000 3.357795 -0.468225
v 0.000000 3.292576 -0.432754
v 0.000000 3.239459 -0.432754
v 0.000000 3.239459 -0.468225
v 0.000000 3.292576 -0.468225
v 0.000000 3.235171 -0.432754
v 0.000000 3.178000 -0.432754
v 0.000000 3.178000 -0.468225
v 0.000000 3.235171 -0.468225
v 0.000000 3.173712 -0.432754
v 0.000000 3.108712 -0.432754
v 0.000000 3.108712 -0.468225
v 0.000000 3.173712 -0.468225
v 0.000000 3.104424 -0.432754
v 0.000000 3.032048 -0.432754
v 0.000000 3.075149 -0.468225
v 0.000000 3.104424 -0.468225
v 0.000000 3.104424 -0.381895
v 0.000000 2.988604 -0.381895
v 0.000000 3.027078 -0.428466
v 0.000000 3.104424 -0.428466
v 0.000000 3.173712 -0.381895
v 0.000000 3.108712 -0.381895
v 0.000000 3.108712 -0.428466
v 0.000000 3.173712 -0.428466
v 0.000000 3.235171 -0.381895
v 0.000000 3.178000 -0.381895
v 0.000000 3.178000 -0.428466
v 0.000000 3.235171 -0.428466
v 0.000000 3.292576 -0.381895
v 0.000000 3.239459 -0.381895
v 0.000000 3.239459 -0.428466
v 0.000000 3.292576 -0.428466
v 0.000000 3.357795 -0.381895
v 0.000000 3.296864 -0.381895
v 0.000000 3.296864 -0.428466
v 0.000000 3.357795 -0.428466
v 0.000000 3.425105 -0.381895
v 0.000000 3.362083 -0.381895
v 0.000000 3.362083 -0.428466
v 0.000000 3.425105 -0.428466
v 0.000000 3.490434 -0.381895
v 0.000000 3.429393 -0.381895
v 0.000000 3.429393 -0.428466
v 0.000000 3.490434 -0.428466
v 0.000000 3.557615 -0.381895
v 0.000000 3.494722 -0.381895
v 0.000000 3.494722 -0.428466
v 0.000000 3.557615 -0.428466
v 0.000000 3.622820 -0.381895
v 0.000000 3.561903 -0.381895
v 0.000000 3.561903 -0.428466
v 0.000000 3.622820 -0.428466
v -0.000000 3.690148 -0.381895
v 0.000000 3.627108 -0.381895
v 0.000000 3.627108 -0.428466
v -0.000000 3.690148 -0.428466
v -0.000000 3.757476 -0.381895
v -0.000000 3.694436 -0.381895
v -0.000000 3.694436 -0.428466
v -0.000000 3.757476 -0.428466
v -0.000000 3.822824 -0.381895
v -0.000000 3.761764 -0.381895
v -0.000000 3.761764 -0.428466
v -0.000000 3.822824 -0.428466
v -0.000000 3.886014 -0.381895
v -0.000000 3.827112 -0.381895
v -0.000000 3.827112 -0.428466
v -0.000000 3.886014 -0.428466
v -0.000000 3.949203 -0.381895
v -0.000000 3.890302 -0.381895
v -0.000000 3.890302 -0.428466
v -0.000000 3.949203 -0.428466
v -0.000000 4.006469 -0.381895
v -0.000000 3.953491 -0.381895
v -0.000000 3.953491 -0.428466
v -0.000000 4.006469 -0.428466
v -0.000000 4.065936 -0.381895
v -0.000000 4.010757 -0.381895
v -0.000000 4.010757 -0.428466
v -0.000000 4.065936 -0.428466
v -0.000000 4.119455 -0.381895
v -0.000000 4.070223 -0.381895
v -0.000000 4.070223 -0.428466
v -0.000000 4.119455 -0.428466
v -0.000000 4.176661 -0.381895
v -0.000000 4.123744 -0.381895
v -0.000000 4.123744 -0.428466
v -0.000000 4.176661 -0.428466
v -0.000000 4.233544 -0.381895
v -0.000000 4.180949 -0.381895
v -0.000000 4.180949 -0.428466
v -0.000000 4.233544 -0.428466
v -0.000000 4.290812 -0.381895
v -0.000000 4.237832 -0.381895
v -0.000000 4.237832 -0.428466
v -0.000000 4.277109 -0.428466
v -0.000000 4.290812 -0.416695
v -0.000000 4.341728 -0.324390
v -0.000000 4.295100 -0.324390
v -0.000000 4.295100 -0.377607
v -0.000000 4.330726 -0.377607
v -0.000000 4.341728 -0.362007
v -0.000000 4.290812 -0.324390
v -0.000000 4.237832 -0.324390
v -0.000000 4.237832 -0.377607
v -0.000000 4.290812 -0.377607
v -0.000000 4.233544 -0.324390
v -0.000000 4.180949 -0.324390
v -0.000000 4.180949 -0.377607
v -0.000000 4.233544 -0.377607
v -0.000000 4.176661 -0.324390
v -0.000000 4.123744 -0.324390
v -0.000000 4.123744 -0.377607
v -0.000000 4.176661 -0.377607
v -0.000000 4.119455 -0.324390
v -0.000000 4.070223 -0.324390
v -0.000000 4.070223 -0.377607
v -0.000000 4.119455 -0.377607
v -0.000000 4.065936 -0.324390
v -0.000000 4.010757 -0.324390
v -0.000000 4.010757 -0.377607
v -0.000000 4.065936 -0.377607
v -0.000000 4.006469 -0.324390
v -0.000000 3.953491 -0.324390
v -0.000000 3.953491 -0.377607
v -0.000000 4.006469 -0.377607
v -0.000000 3.949203 -0.324390
v -0.000000 3.890302 -0.324390
v -0.000000 3.890302 -0.377607
v -0.000000 3.949203 -0.377607
v -0.000000 3.886014 -0.324390
v -0.000000 3.827112 -0.324390
v -0.000000 3.827112 -0.377607
v -0.000000 3.886014 -0.377607
v -0.000000 3.822824 -0.324390
v -0.000000 3.761764 -0.324390
v -0.000000 3.761764 -0.377607
v -0.000000 3.822824 -0.377607
v -0.000000 3.757476 -0.324390
v -0.000000 3.694436 -0.324390
v -0.000000 3.694436 -0.377607
v -0.000000 3.757476 -0.377607
v -0.000000 3.690148 -0.324390
v 0.000000 3.627108 -0.324390
v 0.000000 3.627108 -0.377607
v -0.000000 3.690148 -0.377607
v 0.000000 3.622820 -0.324390
v 0.000000 3.561903 -0.324390
v 0.000000 3.561903 -0.377607
v 0.000000 3.622820 -0.377607
v 0.000000 3.557615 -0.324390
v 0.000000 3.494722 -0.324390
v 0.000000 3.494722 -0.377607
v 0.000000 3.557615 -0.377607
v 0.000000 3.490434 -0.324390
v 0.000000 3.429393 -0.324390
v 0.000000 3.429393 -0.377607
v 0.000000 3.490434 -0.377607
v 0.000000 3.425105 -0.324390
v 0.000000 3.362083 -0.324390
v 0.000000 3.362083 -0.377607
v 0.000000 3.425105 -0.377607
v 0.000000 3.357795 -0.324390
v 0.000000 3.296864 -0.324390
v 0.000000 3.296864 -0.377607
v 0.000000 3.357795 -0.377607
v 0.000000 3.292576 -0.324390
v 0.000000 3.239459 -0.324390
v 0.000000 3.239459 -0.377607
v 0.000000 3.292576 -0.377607
v 0.000000 3.235171 -0.324390
v 0.000000 3.178000 -0.324390
v 0.000000 3.178000 -0.377607
v 0.000000 3.235171 -0.377607
v 0.000000 3.173712 -0.324390
v 0.000000 3.108712 -0.324390
v 0.000000 3.108712 -0.377607
v 0.000000 3.173712 -0.377607
v 0.000000 3.104424 -0.324390
v 0.000000 2.941097 -0.324390
v 0.000000 2.985061 -0.377607
v 0.000000 3.104424 -0.377607
v 0.000000 3.104424 -0.258843
v 0.000000 2.911790 -0.258843
v 0.000000 2.937960 -0.320102
v 0.000000 3.104424 -0.320102
v 0.000000 3.173712 -0.258843
v 0.000000 3.108712 -0.258843
v 0.000000 3.108712 -0.320102
v 0.000000 3.173712 -0.320102
v 0.000000 3.235171 -0.258843
v 0.000000 3.178000 -0.258843
v 0.000000 3.178000 -0.320102
v 0.000000 3.235171 -0.320102
v 0.000000 3.292576 -0.258843
v 0.000000 3.239459 -0.258843
v 0.000000 3.239459 -0.320102
v 0.000000 3.292576 -0.320102
v 0.000000 3.357795 -0.258843
v 0.000000 3.296864 -0.258843
v 0.000000 3.296864 -0.320102
v 0.000000 3.357795 -0.320102
v 0.000000 3.425105 -0.258843
v 0.000000 3.362083 -0.258843
v 0.000000 3.362083 -0.320102
v 0.000000 3.425105 -0.320102
v 0.000000 3.490434 -0.258843
v 0.000000 3.429393 -0.258843
v 0.000000 3.429393 -0.320102
v 0.000000 3.490434 -0.320102
v 0.000000 3.557615 -0.258843
v 0.000000 3.494722 -0.258843
v 0.000000 3.494722 -0.320102
v 0.000000 3.557615 -0.320102
v 0.000000 3.622820 -0.258843
v 0.000000 3.561903 -0.258843
v 0.000000 3.561903 -0.320102
v 0.000000 3.622820 -0.320102
v -0.000000 3.690148 -0.258843
v 0.000000 3.627108 -0.258843
v 0.000000 3.627108 -0.320102
v -0.000000 3.690148 -0.320102
v -0.000000 3.757476 -0.258843
v -0.000000 3.694436 -0.258843
v -0.000000 3.694436 -0.320102
v -0.000000 3.757476 -0.320102
v -0.000000 3.822824 -0.258843
v -0.000000 3.761764 -0.258843
v -0.000000 3.761764 -0.320102
v -0.000000 3.822824 -0.320102
v -0.000000 3.886014 -0.258843
v -0.000000 3.827112 -0.258843
v -0.000000 3.827112 -0.320102
v -0.000000 3.886014 -0.320102
v -0.000000 3.949203 -0.258843
v -0.000000 3.890302 -0.258843
v -0.000000 3.890302 -0.320102
v -0.000000 3.949203 -0.320102
v -0.000000 4.006469 -0.258843
v -0.000000 3.953491 -0.258843
v -0.000000 3.953491 -0.320102
v -0.000000 4.006469 -0.320102
v -0.000000 4.065936 -0.258843
v -0.000000 4.010757 -0.258843
v -0.000000 4.010757 -0.320102
v -0.000000 4.065936 -0.320102
v -0.000000 4.119455 -0.258843
v -0.000000 4.070223 -0.258843
v -0.000000 4.070223 -0.320102
v -0.000000 4.119455 -0.320102
v -0.000000 4.176661 -0.258843
v -0.000000 4.123744 -0.258843
v -0.000000 4.123744 -0.320102
v -0.000000 4.176661 -0.320102
v -0.000000 4.233544 -0.258843
v -0.000000 4.180949 -0.258843
v -0.000000 4.180949 -0.320102
v -0.000000 4.233544 -0.320102
v -0.000000 4.290812 -0.258843
v -0.000000 4.237832 -0.258843
v -0.000000 4.237832 -0.320102
v -0.000000 4.290812 -0.320102
v -0.000000 4.341728 -0.258843
v -0.000000 4.295100 -0.258843
v -0.000000 4.295100 -0.320102
v -0.000000 4.341728 -0.320102
v -0.000000 4.341728 -0.195396
v -0.000000 4.295100 -0.195396
v -0.000000 4.295100 -0.254555
v -0.000000 4.341728 -0.254555
v -0.000000 4.290812 -0.195396
v -0.000000 4.237832 -0.195396
v -0.000000 4.237832 -0.254555
v -0.000000 4.290812 -0.254555
v -0.000000 4.233544 -0.195396
v -0.000000 4.180949 -0.195396
v -0.000000 4.180949 -0.254555
v -0.000000 4.233544 -0.254555
v -0.000000 4.176661 -0.195396
v -0.000000 4.123744 -0.195396
v -0.000000 4.123744 -0.254555
v -0.000000 4.176661 -0.254555
v -0.000000 4.119455 -0.195396
v -0.000000 4.070223 -0.195396
v -0.000000 4.070223 -0.254555
v -0.000000 4.119455 -0.254555
v -0.000000 4.065936 -0.195396
v -0.000000 4.010757 -0.195396
v -0.000000 4.010757 -0.254555
v -0.000000 4.065936 -0.254555
v -0.000000 4.006469 -0.195396
v -0.000000 3.953491 -0.195396
v -0.000000 3.953491 -0.254555
v -0.000000 4.006469 -0.254555
v -0.000000 3.949203 -0.195396
v -0.000000 3.890302 -0.195396
v -0.000000 3.890302 -0.254555
v -0.000000 3.949203 -0.254555
v -0.000000 3.886014 -0.195396
v -0.000000 3.827112 -0.195396
v -0.000000 3.827112 -0.254555
v -0.000000 3.886014 -0.254555
v -0.000000 3.822824 -0.195396
v -0.000000 3.761764 -0.195396
v -0.000000 3.761764 -0.254555
v -0.000000 3.822824 -0.254555
v -0.000000 3.757476 -0.195396
v -0.000000 3.694436 -0.195396
v -0.000000 3.694436 -0.254555
v -0.000000 3.757476 -0.254555
v -0.000000 3.690148 -0.195396
v 0.000000 3.627108 -0.195396
v 0.000000 3.627108 -0.254555
v -0.000000 3.690148 -0.254555
v 0.000000 3.622820 -0.195396
v 0.000000 3.561903 -0.195396
v 0.000000 3.561903 -0.254555
v 0.000000 3.622820 -0.254555
v 0.000000 3.557615 -0.195396
v 0.000000 3.494722 -0.195396
v 0.000000 3.494722 -0.254555
v 0.000000 3.557615 -0.254555
v 0.000000 3.490434 -0.195396
v 0.000000 3.429393 -0.195396
v 0.000000 3.429393 -0.254555
v 0.000000 3.490434 -0.254555
v 0.000000 3.425105 -0.195396
v 0.000000 3.362083 -0.195396
v 0.000000 3.362083 -0.254555
v 0.000000 3.425105 -0.254555
v 0.000000 3.357795 -0.195396
v 0.000000 3.296864 -0.195396
v 0.000000 3.296864 -0.254555
v 0.000000 3.357795 -0.254555
v 0.000000 3.292576 -0.195396
v 0.000000 3.239459 -0.195396
v 0.000000 3.239459 -0.254555
v 0.000000 3.292576 -0.254555
v 0.000000 3.235171 -0.195396
v 0.000000 3.178000 -0.195396
v 0.000000 3.178000 -0.254555
v 0.000000 3.235171 -0.254555
v 0.000000 3.173712 -0.195396
v 0.000000 3.108712 -0.195396
v 0.000000 3.108712 -0.254555
v 0.000000 3.173712 -0.254555
v 0.000000 3.104424 -0.195396
v 0.000000 2.884685 -0.195396
v 0.000000 2.909958 -0.254555
v 0.000000 3.104424 -0.254555
v 0.000000 3.104424 -0.139879
v 0.000000 2.868596 -0.139879
v 0.000000 2.873393 -0.168966
v 0.000000 2.882853 -0.191108
v 0.000000 3.104424 -0.191108
v 0.000000 3.173712 -0.139879
v 0.000000 3.108712 -0.139879
v 0.000000 3.108712 -0.191108
v 0.000000 3.173712 -0.191108
v 0.000000 3.235171 -0.139879
v 0.000000 3.178000 -0.139879
v 0.000000 3.178000 -0.191108
v 0.000000 3.235171 -0.191108
v 0.000000 3.292576 -0.139879
v 0.000000 3.239459 -0.139879
v 0.000000 3.239459 -0.191108
v 0.000000 3.292576 -0.191108
v 0.000000 3.357795 -0.139879
v 0.000000 3.296864 -0.139879
v 0.000000 3.296864 -0.191108
v 0.000000 3.357795 -0.191108
v 0.000000 3.425105 -0.139879
v 0.000000 3.362083 -0.139879
v 0.000000 3.362083 -0.191108
v 0.000000 3.425105 -0.191108
v 0.000000 3.490434 -0.139879
v 0.000000 3.429393 -0.139879
v 0.000000 3.429393 -0.191108
v 0.000000 3.490434 -0.191108
v 0.000000 3.557615 -0.139879
v 0.000000 3.494722 -0.139879
v 0.000000 3.494722 -0.191108
v 0.000000 3.557615 -0.191108
v 0.000000 3.622820 -0.139879
v 0.000000 3.561903 -0.139879
v 0.000000 3.561903 -0.191108
v 0.000000 3.622820 -0.191108
v -0.000000 3.690148 -0.139879
v 0.000000 3.627108 -0.139879
v 0.000000 3.627108 -0.191108
v -0.000000 3.690148 -0.191108
v -0.000000 3.757476 -0.139879
v -0.000000 3.694436 -0.139879
v -0.000000 3.694436 -0.191108
v -0.000000 3.757476 -0.191108
v -0.000000 3.822824 -0.139879
v -0.000000 3.761764 -0.139879
v -0.000000 3.761764 -0.191108
v -0.000000 3.822824 -0.191108
v -0.000000 3.886014 -0.139879
v -0.000000 3.827112 -0.139879
v -0.000000 3.827112 -0.191108
v -0.000000 3.886014 -0.191108
v -0.000000 3.949203 -0.139879
v -0.000000 3.890302 -0.139879
v -0.000000 3.890302 -0.191108
v -0.000000 3.949203 -0.191108
v -0.000000 4.006469 -0.139879
v -0.000000 3.953491 -0.139879
v -0.000000 3.953491 -0.191108
v -0.000000 4.006469 -0.191108
v -0.000000 4.065936 -0.139879
v -0.000000 4.010757 -0.139879
v -0.000000 4.010757 -0.191108
v -0.000000 4.065936 -0.191108
v -0.000000 4.119455 -0.139879
v -0.000000 4.070223 -0.139879
v -0.000000 4.070223 -0.191108
v -0.000000 4.119455 -0.191108
v -0.000000 4.176661 -0.139879
v -0.000000 4.123744 -0.139879
v -0.000000 4.123744 -0.191108
v -0.000000 4.176661 -0.191108
v -0.000000 4.233544 -0.139879
v -0.000000 4.180949 -0.139879
v -0.000000 4.180949 -0.191108
v -0.000000 4.233544 -0.191108
v -0.000000 4.290812 -0.139879
v -0.000000 4.237832 -0.139879
v -0.000000 4.237832 -0.191108
v -0.000000 4.290812 -0.191108
v -0.000000 4.341728 -0.139879
v -0.000000 4.295100 -0.139879
v -0.000000 4.295100 -0.191108
v -0.000000 4.341728 -0.191108
v -0.000000 4.341728 -0.079402
v -0.000000 4.295100 -0.079402
v -0.000000 4.295100 -0.135591
v -0.000000 4.341728 -0.135591
v -0.000000 4.290812 -0.079402
v -0.000000 4.237832 -0.079402
v -0.000000 4.237832 -0.135591
v -0.000000 4.290812 -0.135591
v -0.000000 4.233544 -0.079402
v -0.000000 4.180949 -0.079402
v -0.000000 4.180949 -0.135591
v -0.000000 4.233544 -0.135591
v -0.000000 4.176661 -0.079402
v -0.000000 4.123744 -0.079402
v -0.000000 4.123744 -0.135591
v -0.000000 4.176661 -0.135591
v -0.000000 4.119455 -0.079402
v -0.000000 4.070223 -0.079402
v -0.000000 4.070223 -0.135591
v -0.000000 4.119455 -0.135591
v -0.000000 4.065936 -0.079402
v -0.000000 4.010757 -0.079402
v -0.000000 4.010757 -0.135591
v -0.000000 4.065936 -0.135591
v -0.000000 4.006469 -0.079402
v -0.000000 3.953491 -0.079402
v -0.000000 3.953491 -0.135591
v -0.000000 4.006469 -0.135591
v -0.000000 3.949203 -0.079402
v -0.000000 3.890302 -0.079402
v -0.000000 3.890302 -0.135591
v -0.000000 3.949203 -0.135591
v -0.000000 3.886014 -0.079402
v -0.000000 3.827112 -0.079402
v -0.000000 3.827112 -0.135591
v -0.000000 3.886014 -0.135591
v -0.000000 3.822824 -0.079402
v -0.000000 3.761764 -0.079402
v -0.000000 3.761764 -0.135591
v -0.000000 3.822824 -0.135591
v -0.000000 3.757476 -0.079402
v -0.000000 3.694436 -0.079402
v -0.000000 3.694436 -0.135591
v -0.000000 3.757476 -0.135591
v -0.000000 3.690148 -0.079402
v 0.000000 3.627108 -0.079402
v 0.000000 3.627108 -0.135591
v -0.000000 3.690148 -0.135591
v 0.000000 3.622820 -0.079402
v 0.000000 3.561903 -0.079402
v 0.000000 3.561903 -0.135591
v 0.000000 3.622820 -0.135591
v 0.000000 3.557615 -0.079402
v 0.000000 3.494722 -0.079402
v 0.000000 3.494722 -0.135591
v 0.000000 3.557615 -0.135591
v 0.000000 3.490434 -0.079402
v 0.000000 3.429393 -0.079402
v 0.000000 3.429393 -0.135591
v 0.000000 3.490434 -0.135591
v 0.000000 3.425105 -0.079402
v 0.000000 3.362083 -0.079402
v 0.000000 3.362083 -0.135591
v 0.000000 3.425105 -0.135591
v 0.000000 3.357795 -0.079402
v 0.000000 3.296864 -0.079402
v 0.000000 3.296864 -0.135591
v 0.000000 3.357795 -0.135591
v 0.000000 3.292576 -0.079402
v 0.000000 3.239459 -0.079402
v 0.000000 3.239459 -0.135591
v 0.000000 3.292576 -0.135591
v 0.000000 3.235171 -0.079402
v 0.000000 3.178000 -0.079402
v 0.000000 3.178000 -0.135591
v 0.000000 3.235171 -0.135591
v 0.000000 3.173712 -0.079402
v 0.000000 3.108712 -0.079402
v 0.000000 3.108712 -0.135591
v 0.000000 3.173712 -0.135591
v 0.000000 3.104424 -0.079402
v 0.000000 2.858620 -0.079402
v 0.000000 2.867888 -0.135591
v 0.000000 3.104424 -0.135591
v 0.000000 3.104424 -0.025698
v 0.000000 2.852666 -0.025698
v 0.000000 2.852998 -0.045322
v 0.000000 2.857913 -0.075114
v 0.000000 3.104424 -0.075114
v 0.000000 3.173712 -0.025698
v 0.000000 3.108712 -0.025698
v 0.000000 3.108712 -0.075114
v 0.000000 3.173712 -0.075114
v 0.000000 3.235171 -0.025698
v 0.000000 3.178000 -0.025698
v 0.000000 3.178000 -0.075114
v 0.000000 3.235171 -0.075114
v 0.000000 3.292576 -0.025698
v 0.000000 3.239459 -0.025698
v 0.000000 3.239459 -0.075114
v 0.000000 3.292576 -0.075114
v 0.000000 3.357795 -0.025698
v 0.000000 3.296864 -0.025698
v 0.000000 3.296864 -0.075114
v 0.000000 3.357795 -0.075114
v 0.000000 3.425105 -0.025698
v 0.000000 3.362083 -0.025698
v 0.000000 3.362083 -0.075114
v 0.000000 3.425105 -0.075114
v 0.000000 3.490434 -0.025698
v 0.000000 3.429393 -0.025698
v 0.000000 3.429393 -0.075114
v 0.000000 3.490434 -0.075114
v 0.000000 3.557615 -0.025698
v 0.000000 3.494722 -0.025698
v 0.000000 3.494722 -0.075114
v 0.000000 3.557615 -0.075114
v 0.000000 3.622820 -0.025698
v 0.000000 3.561903 -0.025698
v 0.000000 3.561903 -0.075114
v 0.000000 3.622820 -0.075114
v -0.000000 3.690148 -0.025698
v 0.000000 3.627108 -0.025698
v 0.000000 3.627108 -0.075114
v -0.000000 3.690148 -0.075114
v -0.000000 3.757476 -0.025698
v -0.000000 3.694436 -0.025698
v -0.000000 3.694436 -0.075114
v -0.000000 3.757476 -0.075114
v -0.000000 3.822824 -0.025698
v -0.000000 3.761764 -0.025698
v -0.000000 3.761764 -0.075114
v -0.000000 3.822824 -0.075114
v -0.000000 3.886014 -0.025698
v -0.000000 3.827112 -0.025698
v -0.000000 3.827112 -0.075114
v -0.000000 3.886014 -0.075114
v -0.000000 3.949203 -0.025698
v -0.000000 3.890302 -0.025698
v -0.000000 3.890302 -0.075114
v -0.000000 3.949203 -0.075114
v -0.000000 4.006469 -0.025698
v -0.000000 3.953491 -0.025698
v -0.000000 3.953491 -0.075114
v -0.000000 4.006469 -0.075114
v -0.000000 4.065936 -0.025698
v -0.000000 4.010757 -0.025698
v -0.000000 4.010757 -0.075114
v -0.000000 4.065936 -0.075114
v -0.000000 4.119455 -0.025698
v -0.000000 4.070223 -0.025698
v -0.000000 4.070223 -0.075114
v -0.000000 4.119455 -0.075114
v -0.000000 4.176661 -0.025698
v -0.000000 4.123744 -0.025698
v -0.000000 4.123744 -0.075114
v -0.000000 4.176661 -0.075114
v -0.000000 4.233544 -0.025698
v -0.000000 4.180949 -0.025698
v -0.000000 4.180949 -0.075114
v -0.000000 4.233544 -0.075114
v -0.000000 4.290812 -0.025698
v -0.000000 4.237832 -0.025698
v -0.000000 4.237832 -0.075114
v -0.000000 4.290812 -0.075114
v -0.000000 4.341728 -0.025698
v -0.000000 4.295100 -0.025698
v -0.000000 4.295100 -0.075114
v -0.000000 4.341728 -0.075114
v -0.000000 4.341728 0.027886
v -0.000000 4.295100 0.027886
v -0.000000 4.295100 -0.021410
v -0.000000 4.341728 -0.021410
v -0.000000 4.290812 0.027886
v -0.000000 4.237832 0.027886
v -0.000000 4.237832 -0.021410
v -0.000000 4.290812 -0.021410
v -0.000000 4.233544 0.027886
v -0.000000 4.180949 0.027886
v -0.000000 4.180949 -0.021410
v -0.000000 4.233544 -0.021410
v -0.000000 4.176661 0.027886
v -0.000000 4.123744 0.027886
v -0.000000 4.123744 -0.021410
v -0.000000 4.176661 -0.021410
v -0.000000 4.119455 0.027886
v -0.000000 4.070223 0.027886
v -0.000000 4.070223 -0.021410
v -0.000000 4.119455 -0.021410
v -0.000000 4.065936 0.027886
v -0.000000 4.010757 0.027886
v -0.000000 4.010757 -0.021410
v -0.000000 4.065936 -0.021410
v -0.000000 4.006469 0.027886
v -0.000000 3.953491 0.027886
v -0.000000 3.953491 -0.021410
v -0.000000 4.006469 -0.021410
v -0.000000 3.949203 0.027886
v -0.000000 3.890302 0.027886
v -0.000000 3.890302 -0.021410
v -0.000000 3.949203 -0.021410
v -0.000000 3.886014 0.027886
v -0.000000 3.827112 0.027886
v -0.000000 3.827112 -0.021410
v -0.000000 3.886014 -0.021410
v -0.000000 3.822824 0.027886
v -0.000000 3.761764 0.027886
v -0.000000 3.761764 -0.021410
v -0.000000 3.822824 -0.021410
v -0.000000 3.757476 0.027886
v -0.000000 3.694436 0.027886
v -0.000000 3.694436 -0.021410
v -0.000000 3.757476 -0.021410
v -0.000000 3.690148 0.027886
v 0.000000 3.627108 0.027886
v 0.000000 3.627108 -0.021410
v -0.000000 3.690148 -0.021410
v 0.000000 3.622820 0.027886
v 0.000000 3.561903 0.027886
v 0.000000 3.561903 -0.021410
v 0.000000 3.622820 -0.021410
v 0.000000 3.557615 0.027886
v 0.000000 3.494722 0.027886
v 0.000000 3.494722 -0.021410
v 0.000000 3.557615 -0.021410
v 0.000000 3.490434 0.027886
v 0.000000 3.429393 0.027886
v 0.000000 3.429393 -0.021410
v 0.000000 3.490434 -0.021410
v 0.000000 3.425105 0.027886
v 0.000000 3.362083 0.027886
v 0.000000 3.362083 -0.021410
v 0.000000 3.425105 -0.021410
v 0.000000 3.357795 0.027886
v 0.000000 3.296864 0.027886
v 0.000000 3.296864 -0.021410
v 0.000000 3.357795 -0.021410
v 0.000000 3.292576 0.027886
v 0.000000 3.239459 0.027886
v 0.000000 3.239459 -0.021410
v 0.000000 3.292576 -0.021410
v 0.000000 3.235171 0.027886
v 0.000000 3.178000 0.027886
v 0.000000 3.178000 -0.021410
v 0.000000 3.235171 -0.021410
v 0.000000 3.173712 0.027886
v 0.000000 3.108712 0.027886
v 0.000000 3.108712 -0.021410
v 0.000000 3.173712 -0.021410
v 0.000000 3.104424 0.027886
v 0.000000 2.851759 0.027886
v 0.000000 2.852593 -0.021410
v 0.000000 3.104424 -0.021410
v 0.000000 3.104424 0.085577
v 0.000000 2.862672 0.085577
v 0.000000 2.852185 0.032174
v 0.000000 3.104424 0.032174
v 0.000000 3.173712 0.085577
v 0.000000 3.108712 0.085577
v 0.000000 3.108712 0.032174
v 0.000000 3.173712 0.032174
v 0.000000 3.235171 0.085577
v 0.000000 3.178000 0.085577
v 0.000000 3.178000 0.032174
v 0.000000 3.235171 0.032174
v 0.000000 3.292576 0.085577
v 0.000000 3.239459 0.085577
v 0.000000 3.239459 0.032174
v 0.000000 3.292576 0.032174
v 0.000000 3.357795 0.085577
v 0.000000 3.296864 0.085577
v 0.000000 3.296864 0.032174
v 0.000000 3.357795 0.032174
v 0.000000 3.425105 0.085577
v 0.000000 3.362083 0.085577
v 0.000000 3.362083 0.032174
v 0.000000 3.425105 0.032174
v 0.000000 3.490434 0.085577
v 0.000000 3.429393 0.085577
v 0.000000 3.429393 0.032174
v 0.000000 3.490434 0.032174
v 0.000000 3.557615 0.085577
v 0.000000 3.494722 0.085577
v 0.000000 3.494722 0.032174
v 0.000000 3.557615 0.032174
v 0.000000 3.622820 0.085577
v 0.000000 3.561903 0.085577
v 0.000000 3.561903 0.032174
v 0.000000 3.622820 0.032174
v -0.000000 3.690148 0.085577
v 0.000000 3.627108 0.085577
v 0.000000 3.627108 0.032174
v -0.000000 3.690148 0.032174
v -0.000000 3.757476 0.085577
v -0.000000 3.694436 0.085577
v -0.000000 3.694436 0.032174
v -0.000000 3.757476 0.032174
v -0.000000 3.822824 0.085577
v -0.000000 3.761764 0.085577
v -0.000000 3.761764 0.032174
v -0.000000 3.822824 0.032174
v -0.000000 3.886014 0.085577
v -0.000000 3.827112 0.085577
v -0.000000 3.827112 0.032174
v -0.000000 3.886014 0.032174
v -0.000000 3.949203 0.085577
v -0.000000 3.890302 0.085577
v -0.000000 3.890302 0.032174
v -0.000000 3.949203 0.032174
v -0.000000 4.006469 0.085577
v -0.000000 3.953491 0.085577
v -0.000000 3.953491 0.032174
v -0.000000 4.006469 0.032174
v -0.000000 4.065936 0.085577
v -0.000000 4.010757 0.085577
v -0.000000 4.010757 0.032174
v -0.000000 4.065936 0.032174
v -0.000000 4.119455 0.085577
v -0.000000 4.070223 0.085577
v -0.000000 4.070223 0.032174
v -0.000000 4.119455 0.032174
v -0.000000 4.176661 0.085577
v -0.000000 4.123744 0.085577
v -0.000000 4.123744 0.032174
v -0.000000 4.176661 0.032174
v -0.000000 4.233544 0.085577
v -0.000000 4.180949 0.085577
v -0.000000 4.180949 0.032174
v -0.000000 4.233544 0.032174
v -0.000000 4.290812 0.085577
v -0.000000 4.237832 0.085577
v -0.000000 4.237832 0.032174
v -0.000000 4.290812 0.032174
v -0.000000 4.341728 0.085577
v -0.000000 4.295100 0.085577
v -0.000000 4.295100 0.032174
v -0.000000 4.341728 0.032174
v -0.000000 4.341728 0.145103
v -0.000000 4.295100 0.145103
v -0.000000 4.295100 0.089865
v -0.000000 4.341728 0.089865
v -0.000000 4.290812 0.145103
v -0.000000 4.237832 0.145103
v -0.000000 4.237832 0.089865
v -0.000000 4.290812 0.089865
v -0.000000 4.233544 0.145103
v -0.000000 4.180949 0.145103
v -0.000000 4.180949 0.089865
v -0.000000 4.233544 0.089865
v -0.000000 4.176661 0.145103
v -0.000000 4.123744 0.145103
v -0.000000 4.123744 0.089865
v -0.000000 4.176661 0.089865
v -0.000000 4.119455 0.145103
v -0.000000 4.070223 0.145103
v -0.000000 4.070223 0.089865
v -0.000000 4.119455 0.089865
v -0.000000 4.065936 0.145103
v -0.000000 4.010757 0.145103
v -0.000000 4.010757 0.089865
v -0.000000 4.065936 0.089865
v -0.000000 4.006469 0.145103
v -0.000000 3.953491 0.145103
v -0.000000 3.953491 0.089865
v -0.000000 4.006469 0.089865
v -0.000000 3.949203 0.145103
v -0.000000 3.890302 0.145103
v -0.000000 3.890302 0.089865
v -0.000000 3.949203 0.089865
v -0.000000 3.886014 0.145103
v -0.000000 3.827112 0.145103
v -0.000000 3.827112 0.089865
v -0.000000 3.886014 0.089865
v -0.000000 3.822824 0.145103
v -0.000000 3.761764 0.145103
v -0.000000 3.761764 0.089865
v -0.000000 3.822824 0.089865
v -0.000000 3.757476 0.145103
v -0.000000 3.694436 0.145103
v -0.000000 3.694436 0.089865
v -0.000000 3.757476 0.089865
v -0.000000 3.690148 0.145103
v 0.000000 3.627108 0.145103
v 0.000000 3.627108 0.089865
v -0.000000 3.690148 0.089865
v 0.000000 3.622820 0.145103
v 0.000000 3.561903 0.145103
v 0.000000 3.561903 0.089865
v 0.000000 3.622820 0.089865
v 0.000000 3.557615 0.145103
v 0.000000 3.494722 0.145103
v 0.000000 3.494722 0.089865
v 0.000000 3.557615 0.089865
v 0.000000 3.490434 0.145103
v 0.000000 3.429393 0.145103
v 0.000000 3.429393 0.089865
v 0.000000 3.490434 0.089865
v 0.000000 3.425105 0.145103
v 0.000000 3.362083 0.145103
v 0.000000 3.362083 0.089865
v 0.000000 3.425105 0.089865
v 0.000000 3.357795 0.145103
v 0.000000 3.296864 0.145103
v 0.000000 3.296864 0.089865
v 0.000000 3.357795 0.089865
v 0.000000 3.292576 0.145103
v 0.000000 3.239459 0.145103
v 0.000000 3.239459 0.089865
v 0.000000 3.292576 0.089865
v 0.000000 3.235171 0.145103
v 0.000000 3.178000 0.145103
v 0.000000 3.178000 0.089865
v 0.000000 3.235171 0.089865
v 0.000000 3.173712 0.145103
v 0.000000 3.108712 0.145103
v 0.000000 3.108712 0.089865
v 0.000000 3.173712 0.089865
v 0.000000 3.104424 0.145103
v 0.000000 2.874363 0.145103
v 0.000000 2.863514 0.089865
v 0.000000 3.104424 0.089865
v 0.000000 3.104424 0.200661
v 0.000000 2.893981 0.200661
v 0.000000 2.875643 0.149391
v 0.000000 3.104424 0.149391
v 0.000000 3.173712 0.200661
v 0.000000 3.108712 0.200661
v 0.000000 3.108712 0.149391
v 0.000000 3.173712 0.149391
v 0.000000 3.235171 0.200661
v 0.000000 3.178000 0.200661
v 0.000000 3.178000 0.149391
v 0.000000 3.235171 0.149391
v 0.000000 3.292576 0.200661
v 0.000000 3.239459 0.200661
v 0.000000 3.239459 0.149391
v 0.000000 3.292576 0.149391
v 0.000000 3.357795 0.200661
v 0.000000 3.296864 0.200661
v 0.000000 3.296864 0.149391
v 0.000000 3.357795 0.149391
v 0.000000 3.425105 0.200661
v 0.000000 3.362083 0.200661
v 0.000000 3.362083 0.149391
v 0.000000 3.425105 0.149391
v 0.000000 3.490434 0.200661
v 0.000000 3.429393 0.200661
v 0.000000 3.429393 0.149391
v 0.000000 3.490434 0.149391
v 0.000000 3.557615 0.200661
v 0.000000 3.494722 0.200661
v 0.000000 3.494722 0.149391
v 0.000000 3.557615 0.149391
v 0.000000 3.622820 0.200661
v 0.000000 3.561903 0.200661
v 0.000000 3.561903 0.149391
v 0.000000 3.622820 0.149391
v -0.000000 3.690148 0.200661
v 0.000000 3.627108 0.200661
v 0.000000 3.627108 0.149391
v -0.000000 3.690148 0.149391
v -0.000000 3.757476 0.200661
v -0.000000 3.694436 0.200661
v -0.000000 3.694436 0.149391
v -0.000000 3.757476 0.149391
v -0.000000 3.822824 0.200661
v -0.000000 3.761764 0.200661
v -0.000000 3.761764 0.149391
v -0.000000 3.822824 0.149391
v -0.000000 3.886014 0.200661
v -0.000000 3.827112 0.200661
v -0.000000 3.827112 0.149391
v -0.000000 3.886014 0.149391
v -0.000000 3.949203 0.200661
v -0.000000 3.890302 0.200661
v -0.000000 3.890302 0.149391
v -0.000000 3.949203 0.149391
v -0.000000 4.006469 0.200661
v -0.000000 3.953491 0.200661
v -0.000000 3.953491 0.149391
v -0.000000 4.006469 0.149391
v -0.000000 4.065936 0.200661
v -0.000000 4.010757 0.200661
v -0.000000 4.010757 0.149391
v -0.000000 4.065936 0.149391
v -0.000000 4.119455 0.200661
v -0.000000 4.070223 0.200661
v -0.000000 4.070223 0.149391
v -0.000000 4.119455 0.149391
v -0.000000 4.176661 0.200661
v -0.000000 4.123744 0.200661
v -0.000000 4.123744 0.149391
v -0.000000 4.176661 0.149391
v -0.000000 4.233544 0.200661
v -0.000000 4.180949 0.200661
v -0.000000 4.180949 0.149391
v -0.000000 4.233544 0.149391
v -0.000000 4.290812 0.200661
v -0.000000 4.237832 0.200661
v -0.000000 4.237832 0.149391
v -0.000000 4.290812 0.149391
v -0.000000 4.341728 0.200661
v -0.000000 4.295100 0.200661
v -0.000000 4.295100 0.149391
v -0.000000 4.341728 0.149391
v -0.000000 4.341728 0.262172
v -0.000000 4.295100 0.262172
v -0.000000 4.295100 0.204949
v -0.000000 4.341728 0.204949
v -0.000000 4.290812 0.262172
v -0.000000 4.237832 0.262172
v -0.000000 4.237832 0.204949
v -0.000000 4.290812 0.204949
v -0.000000 4.233544 0.262172
v -0.000000 4.180949 0.262172
v -0.000000 4.180949 0.204949
v -0.000000 4.233544 0.204949
v -0.000000 4.176661 0.262172
v -0.000000 4.123744 0.262172
v -0.000000 4.123744 0.204949
v -0.000000 4.176661 0.204949
v -0.000000 4.119455 0.262172
v -0.000000 4.070223 0.262172
v -0.000000 4.070223 0.204949
v -0.000000 4.119455 0.204949
v -0.000000 4.065936 0.262172
v -0.000000 4.010757 0.262172
v -0.000000 4.010757 0.204949
v -0.000000 4.065936 0.204949
v -0.000000 4.006469 0.262172
v -0.000000 3.953491 0.262172
v -0.000000 3.953491 0.204949
v -0.000000 4.006469 0.204949
v -0.000000 3.949203 0.262172
v -0.000000 3.890302 0.262172
v -0.000000 3.890302 0.204949
v -0.000000 3.949203 0.204949
v -0.000000 3.886014 0.262172
v -0.000000 3.827112 0.262172
v -0.000000 3.827112 0.204949
v -0.000000 3.886014 0.204949
v -0.000000 3.822824 0.262172
v -0.000000 3.761764 0.262172
v -0.000000 3.761764 0.204949
v -0.000000 3.822824 0.204949
v -0.000000 3.757476 0.262172
v -0.000000 3.694436 0.262172
v -0.000000 3.694436 0.204949
v -0.000000 3.757476 0.204949
v -0.000000 3.690148 0.262172
v 0.000000 3.627108 0.262172
v 0.000000 3.627108 0.204949
v -0.000000 3.690148 0.204949
v 0.000000 3.622820 0.262172
v 0.000000 3.561903 0.262172
v 0.000000 3.561903 0.204949
v 0.000000 3.622820 0.204949
v 0.000000 3.557615 0.262172
v 0.000000 3.494722 0.262172
v 0.000000 3.494722 0.204949
v 0.000000 3.557615 0.204949
v 0.000000 3.490434 0.262172
v 0.000000 3.429393 0.262172
v 0.000000 3.429393 0.204949
v 0.000000 3.490434 0.204949
v 0.000000 3.425105 0.262172
v 0.000000 3.362083 0.262172
v 0.000000 3.362083 0.204949
v 0.000000 3.425105 0.204949
v 0.000000 3.357795 0.262172
v 0.000000 3.296864 0.262172
v 0.000000 3.296864 0.204949
v 0.000000 3.357795 0.204949
v 0.000000 3.292576 0.262172
v 0.000000 3.239459 0.262172
v 0.000000 3.239459 0.204949
v 0.000000 3.292576 0.204949
v 0.000000 3.235171 0.262172
v 0.000000 3.178000 0.262172
v 0.000000 3.178000 0.204949
v 0.000000 3.235171 0.204949
v 0.000000 3.173712 0.262172
v 0.000000 3.108712 0.262172
v 0.000000 3.108712 0.204949
v 0.000000 3.173712 0.204949
v 0.000000 3.104424 0.262172
v 0.000000 2.915982 0.262172
v 0.000000 2.895515 0.204949
v 0.000000 3.104424 0.204949
v 0.000000 3.104424 0.323889
v 0.000000 2.938056 0.323889
v 0.000000 2.917515 0.266460
v 0.000000 3.104424 0.266460
v 0.000000 3.173712 0.323889
v 0.000000 3.108712 0.323889
v 0.000000 3.108712 0.266460
v 0.000000 3.173712 0.266460
v 0.000000 3.235171 0.323889
v 0.000000 3.178000 0.323889
v 0.000000 3.178000 0.266460
v 0.000000 3.235171 0.266460
v 0.000000 3.292576 0.323889
v 0.000000 3.239459 0.323889
v 0.000000 3.239459 0.266460
v 0.000000 3.292576 0.266460
v 0.000000 3.357795 0.323889
v 0.000000 3.296864 0.323889
v 0.000000 3.296864 0.266460
v 0.000000 3.357795 0.266460
v 0.000000 3.425105 0.323889
v 0.000000 3.362083 0.323889
v 0.000000 3.362083 0.266460
v 0.000000 3.425105 0.266460
v 0.000000 3.490434 0.323889
v 0.000000 3.429393 0.323889
v 0.000000 3.429393 0.266460
v 0.000000 3.490434 0.266460
v 0.000000 3.557615 0.323889
v 0.000000 3.494722 0.323889
v 0.000000 3.494722 0.266460
v 0.000000 3.557615 0.266460
v 0.000000 3.622820 0.323889
v 0.000000 3.561903 0.323889
v 0.000000 3.561903 0.266460
v 0.000000 3.622820 0.266460
v -0.000000 3.690148 0.323889
v 0.000000 3.627108 0.323889
v 0.000000 3.627108 0.266460
v -0.000000 3.690148 0.266460
v -0.000000 3.757476 0.323889
v -0.000000 3.694436 0.323889
v -0.000000 3.694436 0.266460
v -0.000000 3.757476 0.266460
v -0.000000 3.822824 0.323889
v -0.000000 3.761764 0.323889
v -0.000000 3.761764 0.266460
v -0.000000 3.822824 0.266460
v -0.000000 3.886014 0.323889
v -0.000000 3.827112 0.323889
v -0.000000 3.827112 0.266460
v -0.000000 3.886014 0.266460
v -0.000000 3.949203 0.323889
v -0.000000 3.890302 0.323889
v -0.000000 3.890302 0.266460
v -0.000000 3.949203 0.266460
v -0.000000 4.006469 0.323889
v -0.000000 3.953491 0.323889
v -0.000000 3.953491 0.266460
v -0.000000 4.006469 0.266460
v -0.000000 4.065936 0.323889
v -0.000000 4.010757 0.323889
v -0.000000 4.010757 0.266460
v -0.000000 4.065936 0.266460
v -0.000000 4.119455 0.323889
v -0.000000 4.070223 0.323889
v -0.000000 4.070223 0.266460
v -0.000000 4.119455 0.266460
v -0.000000 4.176661 0.323889
v -0.000000 4.123744 0.323889
v -0.000000 4.123744 0.266460
v -0.000000 4.176661 0.266460
v -0.000000 4.233544 0.323889
v -0.000000 4.180949 0.323889
v -0.000000 4.180949 0.266460
v -0.000000 4.233544 0.266460
v -0.000000 4.290812 0.323889
v -0.000000 4.237832 0.323889
v -0.000000 4.237832 0.266460
v -0.000000 4.290812 0.266460
v -0.000000 4.341728 0.323889
v -0.000000 4.295100 0.323889
v -0.000000 4.295100 0.266460
v -0.000000 4.341728 0.266460
v -0.000000 4.290812 0.385375
v -0.000000 4.237832 0.385375
v -0.000000 4.237832 0.328177
v -0.000000 4.290812 0.328177
v -0.000000 4.233544 0.385375
v -0.000000 4.180949 0.385375
v -0.000000 4.180949 0.328177
v -0.000000 4.233544 0.328177
v -0.000000 4.176661 0.385375
v -0.000000 4.123744 0.385375
v -0.000000 4.123744 0.328177
v -0.000000 4.176661 0.328177
v -0.000000 4.119455 0.385375
v -0.000000 4.070223 0.385375
v -0.000000 4.070223 0.328177
v -0.000000 4.119455 0.328177
v -0.000000 4.065936 0.385375
v -0.000000 4.010757 0.385375
v -0.000000 4.010757 0.328177
v -0.000000 4.065936 0.328177
v -0.000000 4.006469 0.385375
v -0.000000 3.953491 0.385375
v -0.000000 3.953491 0.328177
v -0.000000 4.006469 0.328177
v -0.000000 3.949203 0.385375
v -0.000000 3.890302 0.385375
v -0.000000 3.890302 0.328177
v -0.000000 3.949203 0.328177
v -0.000000 3.886014 0.385375
v -0.000000 3.827112 0.385375
v -0.000000 3.827112 0.328177
v -0.000000 3.886014 0.328177
v -0.000000 3.822824 0.385375
v -0.000000 3.761764 0.385375
v -0.000000 3.761764 0.328177
v -0.000000 3.822824 0.328177
v -0.000000 3.757476 0.385375
v -0.000000 3.694436 0.385375
v -0.000000 3.694436 0.328177
v -0.000000 3.757476 0.328177
v -0.000000 3.690148 0.385375
v 0.000000 3.627108 0.385375
v 0.000000 3.627108 0.328177
v -0.000000 3.690148 0.328177
v 0.000000 3.622820 0.385375
v 0.000000 3.561903 0.385375
v 0.000000 3.561903 0.328177
v 0.000000 3.622820 0.328177
v 0.000000 3.557615 0.385375
v 0.000000 3.494722 0.385375
v 0.000000 3.494722 0.328177
v 0.000000 3.557615 0.328177
v 0.000000 3.490434 0.385375
v 0.000000 3.429393 0.385375
v 0.000000 3.429393 0.328177
v 0.000000 3.490434 0.328177
v 0.000000 3.425105 0.385375
v 0.000000 3.362083 0.385375
v 0.000000 3.362083 0.328177
v 0.000000 3.425105 0.328177
v 0.000000 3.357795 0.385375
v 0.000000 3.296864 0.385375
v 0.000000 3.296864 0.328177
v 0.000000 3.357795 0.328177
v 0.000000 3.292576 0.385375
v 0.000000 3.239459 0.385375
v 0.000000 3.239459 0.328177
v 0.000000 3.292576 0.328177
v 0.000000 3.235171 0.385375
v 0.000000 3.178000 0.385375
v 0.000000 3.178000 0.328177
v 0.000000 3.235171 0.328177
v 0.000000 3.173712 0.385375
v 0.000000 3.108712 0.385375
v 0.000000 3.108712 0.328177
v 0.000000 3.173712 0.328177
v 0.000000 3.104424 0.385375
v 0.000000 2.994665 0.385375
v 0.000000 2.941467 0.328177
v 0.000000 3.104424 0.328177
v 0.000000 3.104424 0.433180
v 0.000000 3.039125 0.433180
v 0.000000 2.998653 0.389663
v 0.000000 3.104424 0.389663
v 0.000000 3.173712 0.433180
v 0.000000 3.108712 0.433180
v 0.000000 3.108712 0.389663
v 0.000000 3.173712 0.389663
v 0.000000 3.235171 0.433180
v 0.000000 3.178000 0.433180
v 0.000000 3.178000 0.389663
v 0.000000 3.235171 0.389663
v 0.000000 3.292576 0.433180
v 0.000000 3.239459 0.433180
v 0.000000 3.239459 0.389663
v 0.000000 3.292576 0.389663
v 0.000000 3.357795 0.433180
v 0.000000 3.296864 0.433180
v 0.000000 3.296864 0.389663
v 0.000000 3.357795 0.389663
v 0.000000 3.425105 0.433180
v 0.000000 3.362083 0.433180
v 0.000000 3.362083 0.389663
v 0.000000 3.425105 0.389663
v 0.000000 3.490434 0.433180
v 0.000000 3.429393 0.433180
v 0.000000 3.429393 0.389663
v 0.000000 3.490434 0.389663
v 0.000000 3.557615 0.433180
v 0.000000 3.494722 0.433180
v 0.000000 3.494722 0.389663
v 0.000000 3.557615 0.389663
v 0.000000 3.622820 0.433180
v 0.000000 3.561903 0.433180
v 0.000000 3.561903 0.389663
v 0.000000 3.622820 0.389663
v -0.000000 3.690148 0.433180
v 0.000000 3.627108 0.433180
v 0.000000 3.627108 0.389663
v -0.000000 3.690148 0.389663
v -0.000000 3.757476 0.433180
v -0.000000 3.694436 0.433180
v -0.000000 3.694436 0.389663
v -0.000000 3.757476 0.389663
v -0.000000 3.822824 0.433180
v -0.000000 3.761764 0.433180
v -0.000000 3.761764 0.389663
v -0.000000 3.822824 0.389663
v -0.000000 3.886014 0.433180
v -0.000000 3.827112 0.433180
v -0.000000 3.827112 0.389663
v -0.000000 3.886014 0.389663
v -0.000000 3.949203 0.433180
v -0.000000 3.890302 0.433180
v -0.000000 3.890302 0.389663
v -0.000000 3.949203 0.389663
v -0.000000 4.006469 0.433180
v -0.000000 3.953491 0.433180
v -0.000000 3.953491 0.389663
v -0.000000 4.006469 0.389663
v -0.000000 4.065936 0.433180
v -0.000000 4.010757 0.433180
v -0.000000 4.010757 0.389663
v -0.000000 4.065936 0.389663
v -0.000000 4.119455 0.433180
v -0.000000 4.070223 0.433180
v -0.000000 4.070223 0.389663
v -0.000000 4.119455 0.389663
v -0.000000 4.176661 0.433180
v -0.000000 4.123744 0.433180
v -0.000000 4.123744 0.389663
v -0.000000 4.176661 0.389663
v -0.000000 4.233544 0.433180
v -0.000000 4.180949 0.433180
v -0.000000 4.180949 0.389663
v -0.000000 4.233544 0.389663
v -0.000000 4.176661 0.471025
v -0.000000 4.123744 0.471025
v -0.000000 4.123744 0.437468
v -0.000000 4.176661 0.437468
v -0.000000 4.119455 0.471025
v -0.000000 4.070223 0.471025
v -0.000000 4.070223 0.437468
v -0.000000 4.119455 0.437468
v -0.000000 4.065936 0.471025
v -0.000000 4.010757 0.471025
v -0.000000 4.010757 0.437468
v -0.000000 4.065936 0.437468
v -0.000000 4.006469 0.471025
v -0.000000 3.953491 0.471025
v -0.000000 3.953491 0.437468
v -0.000000 4.006469 0.437468
v -0.000000 3.949203 0.471025
v -0.000000 3.890302 0.471025
v -0.000000 3.890302 0.437468
v -0.000000 3.949203 0.437468
v -0.000000 3.886014 0.471025
v -0.000000 3.827112 0.471025
v -0.000000 3.827112 0.437468
v -0.000000 3.886014 0.437468
v -0.000000 3.822824 0.471025
v -0.000000 3.761764 0.471025
v -0.000000 3.761764 0.437468
v -0.000000 3.822824 0.437468
v -0.000000 3.757476 0.471025
v -0.000000 3.694436 0.471025
v -0.000000 3.694436 0.437468
v -0.000000 3.757476 0.437468
v -0.000000 3.690148 0.471025
v 0.000000 3.627108 0.471025
v 0.000000 3.627108 0.437468
v -0.000000 3.690148 0.437468
v 0.000000 3.622820 0.471025
v 0.000000 3.561903 0.471025
v 0.000000 3.561903 0.437468
v 0.000000 3.622820 0.437468
v 0.000000 3.557615 0.471025
v 0.000000 3.494722 0.471025
v 0.000000 3.494722 0.437468
v 0.000000 3.557615 0.437468
v 0.000000 3.490434 0.471025
v 0.000000 3.429393 0.471025
v 0.000000 3.429393 0.437468
v 0.000000 3.490434 0.437468
v 0.000000 3.425105 0.471025
v 0.000000 3.362083 0.471025
v 0.000000 3.362083 0.437468
v 0.000000 3.425105 0.437468
v 0.000000 3.357795 0.471025
v 0.000000 3.296864 0.471025
v 0.000000 3.296864 0.437468
v 0.000000 3.357795 0.437468
v 0.000000 3.292576 0.471025
v 0.000000 3.239459 0.471025
v 0.000000 3.239459 0.437468
v 0.000000 3.292576 0.437468
v 0.000000 3.235171 0.471025
v 0.000000 3.178000 0.471025
v 0.000000 3.178000 0.437468
v 0.000000 3.235171 0.437468
v 0.000000 3.173712 0.471025
v 0.000000 3.108712 0.471025
v 0.000000 3.108712 0.437468
v 0.000000 3.173712 0.437468
v 0.000000 3.104424 0.471025
v 0.000000 3.074322 0.471025
v 0.000000 3.043113 0.437468
v 0.000000 3.104424 0.437468
v 0.000000 3.173712 0.507065
v 0.000000 3.130056 0.507065
v 0.000000 3.108712 0.493338
v 0.000000 3.108712 0.475313
v 0.000000 3.173712 0.475313
v 0.000000 3.235171 0.507065
v 0.000000 3.178000 0.507065
v 0.000000 3.178000 0.475313
v 0.000000 3.235171 0.475313
v 0.000000 3.292576 0.507065
v 0.000000 3.239459 0.507065
v 0.000000 3.239459 0.475313
v 0.000000 3.292576 0.475313
v 0.000000 3.357795 0.507065
v 0.000000 3.296864 0.507065
v 0.000000 3.296864 0.475313
v 0.000000 3.357795 0.475313
v 0.000000 3.425105 0.507065
v 0.000000 3.362083 0.507065
v 0.000000 3.362083 0.475313
v 0.000000 3.425105 0.475313
v 0.000000 3.490434 0.507065
v 0.000000 3.429393 0.507065
v 0.000000 3.429393 0.475313
v 0.000000 3.490434 0.475313
v 0.000000 3.557615 0.507065
v 0.000000 3.494722 0.507065
v 0.000000 3.494722 0.475313
v 0.000000 3.557615 0.475313
v 0.000000 3.622820 0.507065
v 0.000000 3.561903 0.507065
v 0.000000 3.561903 0.475313
v 0.000000 3.622820 0.475313
v -0.000000 3.690148 0.507065
v 0.000000 3.627108 0.507065
v 0.000000 3.627108 0.475313
v -0.000000 3.690148 0.475313
v -0.000000 3.757476 0.507065
v -0.000000 3.694436 0.507065
v -0.000000 3.694436 0.475313
v -0.000000 3.757476 0.475313
v -0.000000 3.822824 0.507065
v -0.000000 3.761764 0.507065
v -0.000000 3.761764 0.475313
v -0.000000 3.822824 0.475313
v -0.000000 3.886014 0.507065
v -0.000000 3.827112 0.507065
v -0.000000 3.827112 0.475313
v -0.000000 3.886014 0.475313
v -0.000000 3.949203 0.507065
v -0.000000 3.890302 0.507065
v -0.000000 3.890302 0.475313
v -0.000000 3.949203 0.475313
v -0.000000 4.006469 0.507065
v -0.000000 3.953491 0.507065
v -0.000000 3.953491 0.475313
v -0.000000 4.006469 0.475313
v -0.000000 4.065936 0.507065
v -0.000000 4.010757 0.507065
v -0.000000 4.010757 0.475313
v -0.000000 4.065936 0.475313
v -0.000000 4.119455 0.507065
v -0.000000 4.070223 0.507065
v -0.000000 4.070223 0.475313
v -0.000000 4.119455 0.475313
v -0.000000 4.065936 0.553116
v -0.000000 4.010757 0.553116
v -0.000000 4.010757 0.511353
v -0.000000 4.065936 0.511353
v -0.000000 4.006469 0.553116
v -0.000000 3.953491 0.553116
v -0.000000 3.953491 0.511353
v -0.000000 4.006469 0.511353
v -0.000000 3.949203 0.553116
v -0.000000 3.890302 0.553116
v -0.000000 3.890302 0.511353
v -0.000000 3.949203 0.511353
v -0.000000 3.886014 0.553116
v -0.000000 3.827112 0.553116
v -0.000000 3.827112 0.511353
v -0.000000 3.886014 0.511353
v -0.000000 3.822824 0.553116
v -0.000000 3.761764 0.553116
v -0.000000 3.761764 0.511353
v -0.000000 3.822824 0.511353
v -0.000000 3.757476 0.553116
v -0.000000 3.694436 0.553116
v -0.000000 3.694436 0.511353
v -0.000000 3.757476 0.511353
v -0.000000 3.690148 0.553116
v 0.000000 3.627108 0.553116
v 0.000000 3.627108 0.511353
v -0.000000 3.690148 0.511353
v 0.000000 3.622820 0.553116
v 0.000000 3.561903 0.553116
v 0.000000 3.561903 0.511353
v 0.000000 3.622820 0.511353
v 0.000000 3.557615 0.553116
v 0.000000 3.494722 0.553116
v 0.000000 3.494722 0.511353
v 0.000000 3.557615 0.511353
v 0.000000 3.490434 0.553116
v 0.000000 3.429393 0.553116
v 0.000000 3.429393 0.511353
v 0.000000 3.490434 0.511353
v 0.000000 3.425105 0.553116
v 0.000000 3.362083 0.553116
v 0.000000 3.362083 0.511353
v 0.000000 3.425105 0.511353
v 0.000000 3.357795 0.553116
v 0.000000 3.296864 0.553116
v 0.000000 3.296864 0.511353
v 0.000000 3.357795 0.511353
v 0.000000 3.292576 0.553116
v 0.000000 3.239459 0.553116
v 0.000000 3.239459 0.511353
v 0.000000 3.292576 0.511353
v 0.000000 3.235171 0.553116
v 0.000000 3.201660 0.553116
v 0.000000 3.178000 0.537899
v 0.000000 3.178000 0.511353
v 0.000000 3.235171 0.511353
v -0.000000 4.437075 0.204949
v -0.000000 4.425783 0.238822
v -0.000000 4.412988 0.262172
v -0.000000 4.346016 0.262172
v -0.000000 4.346016 0.204949
v -0.000000 4.380422 -0.320102
v -0.000000 4.412694 -0.258843
v -0.000000 4.346016 -0.258843
v -0.000000 4.346016 -0.320102
v -0.000000 4.410638 0.266460
v -0.000000 4.379167 0.323889
v -0.000000 4.346016 0.323889
v -0.000000 4.346016 0.266460
v -0.000000 4.414772 -0.254555
v -0.000000 4.437428 -0.195396
v -0.000000 4.346016 -0.195396
v -0.000000 4.346016 -0.254555
v -0.000000 4.375567 0.328177
v -0.000000 4.346016 0.360466
v -0.000000 4.346016 0.328177
v -0.000000 4.341728 0.365151
v -0.000000 4.323219 0.385375
v -0.000000 4.295100 0.385375
v -0.000000 4.295100 0.328177
v -0.000000 4.341728 0.328177
v -0.000000 4.176661 0.498312
v -0.000000 4.162600 0.507065
v -0.000000 4.123744 0.507065
v -0.000000 4.123744 0.475313
v -0.000000 4.176661 0.475313
v -0.000000 4.213608 0.475313
v -0.000000 4.180949 0.495643
v -0.000000 4.180949 0.475313
v -0.000000 4.461736 -0.075114
v -0.000000 4.469607 -0.025698
v -0.000000 4.346016 -0.025698
v -0.000000 4.346016 -0.075114
v -0.000000 4.233544 0.462903
v -0.000000 4.220497 0.471025
v -0.000000 4.180949 0.471025
v -0.000000 4.180949 0.437468
v -0.000000 4.233544 0.437468
v -0.000000 4.123744 -0.526553
v -0.000000 4.156095 -0.508296
v -0.000000 4.123744 -0.508296
v -0.000000 4.155712 0.511353
v -0.000000 4.123744 0.531253
v -0.000000 4.123744 0.511353
v -0.000000 4.119455 0.533672
v -0.000000 4.071737 0.553116
v -0.000000 4.070223 0.553116
v -0.000000 4.070223 0.511353
v -0.000000 4.119455 0.511353
v -0.000000 4.295100 -0.412593
v -0.000000 4.326570 -0.381895
v -0.000000 4.295100 -0.381895
v -0.000000 4.470041 -0.021410
v -0.000000 4.471585 0.027886
v -0.000000 4.346016 0.027886
v -0.000000 4.346016 -0.021410
v -0.000000 4.346016 -0.357258
v -0.000000 4.376773 -0.324390
v -0.000000 4.346016 -0.324390
v 0.000000 3.173712 0.535141
v 0.000000 3.136723 0.511353
v 0.000000 3.173712 0.511353
v 0.000000 3.235171 0.574668
v 0.000000 3.208327 0.557404
v 0.000000 3.235171 0.557404
v 0.000000 3.292576 0.589985
v 0.000000 3.239459 0.576916
v 0.000000 3.239459 0.557404
v 0.000000 3.292576 0.557404
v 0.000000 3.357795 0.606033
v 0.000000 3.296864 0.591040
v 0.000000 3.296864 0.557404
v 0.000000 3.357795 0.557404
v 0.000000 3.425105 0.622595
v 0.000000 3.362083 0.607088
v 0.000000 3.362083 0.557404
v 0.000000 3.425105 0.557404
v -0.000000 4.318546 0.389663
v -0.000000 4.295100 0.410616
v -0.000000 4.295100 0.389663
v -0.000000 4.438838 -0.191108
v -0.000000 4.450640 -0.139879
v -0.000000 4.346016 -0.139879
v -0.000000 4.346016 -0.191108
v 0.000000 3.490434 0.633798
v 0.000000 3.466321 0.632736
v 0.000000 3.429393 0.623650
v 0.000000 3.429393 0.557404
v 0.000000 3.490434 0.557404
v -0.000000 4.451522 -0.135591
v -0.000000 4.461028 -0.079402
v -0.000000 4.346016 -0.079402
v -0.000000 4.346016 -0.135591
v 0.000000 3.557615 0.636755
v 0.000000 3.494722 0.633986
v 0.000000 3.494722 0.557404
v 0.000000 3.557615 0.557404
v 0.000000 3.622820 0.639626
v 0.000000 3.561903 0.636944
v 0.000000 3.561903 0.557404
v 0.000000 3.622820 0.557404
v -0.000000 3.690148 0.639616
v 0.000000 3.669303 0.641672
v 0.000000 3.627108 0.639815
v 0.000000 3.627108 0.557404
v -0.000000 3.690148 0.557404
v -0.000000 4.265052 0.437468
v -0.000000 4.243580 0.456656
v -0.000000 4.237832 0.460234
v -0.000000 4.237832 0.437468
v -0.000000 3.757476 0.632976
v -0.000000 3.694436 0.639193
v -0.000000 3.694436 0.557404
v -0.000000 3.757476 0.557404
v -0.000000 3.822824 0.626531
v -0.000000 3.761764 0.632553
v -0.000000 3.761764 0.557404
v -0.000000 3.822824 0.557404
v -0.000000 3.886014 0.610530
v -0.000000 3.827112 0.625707
v -0.000000 3.827112 0.557404
v -0.000000 3.886014 0.557404
v -0.000000 3.949203 0.594248
v -0.000000 3.890302 0.609425
v -0.000000 3.890302 0.557404
v -0.000000 3.949203 0.557404
v -0.000000 4.006469 0.579493
v -0.000000 3.953491 0.593143
v -0.000000 3.953491 0.557404
v -0.000000 4.006469 0.557404
v -0.000000 4.065936 0.555480
v -0.000000 4.010757 0.577965
v -0.000000 4.010757 0.557404
v -0.000000 4.065936 0.557404
v -0.000000 4.061214 0.557404
v -0.000000 4.070223 0.553733
v -0.000000 4.070223 0.557404
v -0.000000 4.180949 -0.494271
v -0.000000 4.186228 -0.491291
v -0.000000 4.216515 -0.472513
v -0.000000 4.180949 -0.472513
v -0.000000 4.471295 0.032174
v -0.000000 4.463008 0.085577
v -0.000000 4.346016 0.085577
v -0.000000 4.346016 0.032174
v -0.000000 4.290812 0.414447
v -0.000000 4.269850 0.433180
v -0.000000 4.237832 0.433180
v -0.000000 4.237832 0.389663
v -0.000000 4.290812 0.389663
v -0.000000 4.462327 0.089865
v -0.000000 4.453391 0.145103
v -0.000000 4.346016 0.145103
v -0.000000 4.346016 0.089865
v -0.000000 4.237832 -0.459296
v -0.000000 4.249995 -0.451755
v -0.000000 4.272117 -0.432754
v -0.000000 4.237832 -0.432754
v -0.000000 4.452698 0.149391
v -0.000000 4.449967 0.166272
v -0.000000 4.438504 0.200661
v -0.000000 4.346016 0.200661
v -0.000000 4.346016 0.149391
v 0.000000 3.104424 0.490580
v 0.000000 3.080685 0.475313
v 0.000000 3.104424 0.475313
vn -0.7071 -0.0000 -0.7071
vn 0.7071 -0.0000 -0.7071
vn -0.7071 0.3291 0.6259
vn 0.7071 0.3291 0.6259
vn -0.7071 -0.7071 -0.0000
vn 0.7071 -0.7071 -0.0000
vn -0.7071 0.7071 -0.0000
vn 0.7071 0.7071 -0.0000
vn -0.7071 0.2111 0.6748
vn 0.7071 0.2111 0.6748
vn -0.7071 0.1012 0.6998
vn 0.7071 0.1012 0.6998
vn -0.7071 0.0545 0.7050
vn 0.7071 0.0545 0.7050
vn -0.7071 -0.0469 0.7055
vn 0.7071 -0.0469 0.7055
vn -0.7071 -0.0469 0.7056
vn 0.7071 -0.0469 0.7056
vn -0.7071 -0.1298 0.6951
vn 0.7071 -0.1298 0.6951
vn -0.7071 -0.1904 0.6810
vn 0.7071 -0.1904 0.6810
vn -0.7071 -0.2737 0.6520
vn 0.7071 -0.2737 0.6520
vn -0.7071 -0.2857 0.6468
vn 0.7071 -0.2857 0.6468
vn -0.7071 -0.0000 0.7071
vn 0.7071 -0.0000 0.7071
vn -0.7071 0.4493 0.5460
vn 0.7071 0.4493 0.5460
vn -0.7071 -0.3475 0.6158
vn 0.7071 -0.3475 0.6158
vn -0.7071 -0.3726 0.6010
vn 0.7071 -0.3726 0.6010
vn -0.7071 0.5451 0.4504
vn 0.7071 0.5451 0.4504
vn -0.7071 -0.4607 0.5364
vn 0.7071 -0.4607 0.5364
vn -0.7071 -0.5778 0.4075
vn 0.7071 -0.5778 0.4075
vn -0.7071 0.6503 0.2778
vn 0.7071 0.6503 0.2778
vn -0.7071 0.6977 0.1151
vn 0.7071 0.6977 0.1151
vn -0.7071 0.6502 0.2778
vn -0.7071 0.7070 0.0120
vn 0.7071 0.7070 0.0120
vn -0.7071 0.6939 -0.1363
vn 0.7071 0.6939 -0.1363
vn 0.7071 0.6938 -0.1363
vn -0.7071 0.6658 -0.2381
vn 0.7071 0.6658 -0.2381
vn -0.7071 0.5178 -0.4816
vn 0.7071 0.5178 -0.4816
vn -0.7071 0.3825 -0.5947
vn 0.7071 0.3825 -0.5947
vn -0.7071 -0.6708 -0.2236
vn 0.7071 -0.6708 -0.2236
vn -0.7071 -0.6201 -0.3398
vn 0.7071 -0.6201 -0.3398
vn -0.7071 -0.6256 0.3296
vn 0.7071 -0.6256 0.3296
vn -0.7071 -0.6603 0.2529
vn 0.7071 -0.6603 0.2529
vn -0.7071 -0.5216 -0.4774
vn 0.7071 -0.5216 -0.4774
vn -0.7071 -0.3737 -0.6003
vn 0.7071 -0.3737 -0.6003
vn -0.7071 -0.6983 0.1112
vn 0.7071 -0.6983 0.1112
vn -0.7071 -0.2668 -0.6548
vn 0.7071 -0.2668 -0.6548
vn -0.7071 -0.4938 0.5062
vn 0.7071 -0.4938 0.5062
vn -0.7071 -0.7068 0.0221
vn 0.7071 -0.7068 0.0221
vn -0.7071 -0.5163 0.4831
vn 0.7071 -0.5163 0.4831
vn -0.7071 0.1689 -0.6866
vn 0.7071 0.1689 -0.6866
vn -0.7071 -0.4712 -0.5272
vn 0.7071 -0.4712 -0.5273
vn -0.7071 -0.6891 0.1587
vn 0.7071 -0.6891 0.1587
vn -0.7071 0.0311 -0.7064
vn 0.7071 0.0311 -0.7064
vn -0.7071 -0.6972 0.1180
vn 0.7071 -0.6972 0.1180
vn -0.7071 -0.0694 -0.7037
vn 0.7071 -0.0694 -0.7037
vn -0.7071 -0.4712 -0.5273
vn 0.7071 -0.4712 -0.5272
vn -0.7071 -0.1764 -0.6847
vn 0.7071 -0.1764 -0.6847
vn 0.7072 0.7070 -0.0000
vn -0.7072 0.7070 -0.0000
vn 0.7071 0.2668 0.6548
vn -0.7071 0.2668 0.6548
vn 0.7071 -0.0000 -0.7072
vn -0.7071 -0.0000 -0.7072
vn -0.7071 -0.6987 -0.1084
vn 0.7071 -0.6987 -0.1084
vn -0.7071 -0.6980 -0.1129
vn 0.7071 -0.6980 -0.1129
vt 0.752475 0.822917
vt 0.777317 0.822917
vt 0.752475 0.835978
vt 0.719006 0.822917
vt 0.719006 0.846450
vt 0.680982 0.822917
vt 0.680982 0.858347
vt 0.641739 0.822917
vt 0.641739 0.864023
vt 0.603650 0.822917
vt 0.603650 0.869531
vt 0.564482 0.822917
vt 0.564482 0.872559
vt 0.526466 0.822917
vt 0.526466 0.875497
vt 0.487212 0.822917
vt 0.487212 0.872887
vt 0.447958 0.822917
vt 0.447958 0.870277
vt 0.409858 0.822917
vt 0.409858 0.863160
vt 0.373017 0.822917
vt 0.373017 0.856279
vt 0.336176 0.822917
vt 0.364129 0.854619
vt 0.336176 0.846803
vt 0.302788 0.822917
vt 0.302788 0.837469
vt 0.268118 0.822917
vt 0.236915 0.795100
vt 0.268118 0.795100
vt 0.236915 0.809135
vt 0.302788 0.795100
vt 0.336176 0.795100
vt 0.373017 0.795100
vt 0.409858 0.795100
vt 0.447958 0.795100
vt 0.487212 0.795100
vt 0.526466 0.795100
vt 0.564482 0.795100
vt 0.603650 0.795100
vt 0.641739 0.795100
vt 0.680982 0.795100
vt 0.719006 0.795100
vt 0.752475 0.795100
vt 0.788307 0.795100
vt 0.788307 0.817138
vt 0.822120 0.795100
vt 0.807784 0.806898
vt 0.828704 0.774237
vt 0.847470 0.774237
vt 0.828704 0.789682
vt 0.788307 0.774237
vt 0.752475 0.774237
vt 0.719006 0.774237
vt 0.680982 0.774237
vt 0.641739 0.774237
vt 0.603650 0.774237
vt 0.564482 0.774237
vt 0.526466 0.774237
vt 0.487212 0.774237
vt 0.447958 0.774237
vt 0.409858 0.774237
vt 0.373017 0.774237
vt 0.336176 0.774237
vt 0.302788 0.774237
vt 0.268118 0.774237
vt 0.236915 0.774237
vt 0.203563 0.774237
vt 0.212045 0.795100
vt 0.203563 0.790313
vt 0.170398 0.751056
vt 0.203563 0.751056
vt 0.177188 0.774237
vt 0.170398 0.770027
vt 0.236915 0.751056
vt 0.268118 0.751057
vt 0.302788 0.751057
vt 0.336176 0.751057
vt 0.373017 0.751057
vt 0.409858 0.751057
vt 0.447958 0.751056
vt 0.487212 0.751056
vt 0.526466 0.751056
vt 0.564482 0.751056
vt 0.603650 0.751056
vt 0.641739 0.751056
vt 0.680982 0.751056
vt 0.719006 0.751056
vt 0.752475 0.751056
vt 0.788307 0.751056
vt 0.828704 0.751056
vt 0.875637 0.751056
vt 0.828704 0.721404
vt 0.900134 0.721404
vt 0.788307 0.721404
vt 0.752475 0.721404
vt 0.719006 0.721404
vt 0.680982 0.721404
vt 0.641739 0.721404
vt 0.603650 0.721404
vt 0.564482 0.721404
vt 0.526466 0.721404
vt 0.487212 0.721404
vt 0.447958 0.721404
vt 0.409858 0.721405
vt 0.373017 0.721405
vt 0.336176 0.721405
vt 0.302788 0.721405
vt 0.268118 0.721405
vt 0.236915 0.721404
vt 0.203563 0.721404
vt 0.170398 0.721404
vt 0.137009 0.721404
vt 0.145785 0.751056
vt 0.137009 0.743518
vt 0.107324 0.687878
vt 0.137009 0.687878
vt 0.114340 0.721404
vt 0.107324 0.711456
vt 0.170398 0.687878
vt 0.203563 0.687878
vt 0.236915 0.687878
vt 0.268118 0.687878
vt 0.302788 0.687878
vt 0.336176 0.687878
vt 0.373017 0.687878
vt 0.409858 0.687878
vt 0.447958 0.687878
vt 0.487212 0.687878
vt 0.526466 0.687878
vt 0.564482 0.687878
vt 0.603650 0.687878
vt 0.641739 0.687878
vt 0.680982 0.687878
vt 0.719006 0.687878
vt 0.752475 0.687878
vt 0.788307 0.687878
vt 0.828704 0.687878
vt 0.927832 0.687878
vt 0.828704 0.649662
vt 0.944158 0.649662
vt 0.788307 0.649662
vt 0.752475 0.649662
vt 0.719006 0.649662
vt 0.680982 0.649662
vt 0.641739 0.649662
vt 0.603650 0.649662
vt 0.564482 0.649662
vt 0.526466 0.649662
vt 0.487212 0.649662
vt 0.447958 0.649662
vt 0.409858 0.649662
vt 0.373017 0.649662
vt 0.336176 0.649662
vt 0.302788 0.649662
vt 0.268118 0.649662
vt 0.236915 0.649662
vt 0.203563 0.649662
vt 0.170398 0.649662
vt 0.137009 0.649662
vt 0.107324 0.649662
vt 0.107324 0.612671
vt 0.137009 0.612671
vt 0.170398 0.612671
vt 0.203563 0.612671
vt 0.236915 0.612671
vt 0.268118 0.612671
vt 0.302788 0.612671
vt 0.336176 0.612671
vt 0.373017 0.612671
vt 0.409858 0.612671
vt 0.447958 0.612671
vt 0.487212 0.612671
vt 0.526466 0.612671
vt 0.564482 0.612671
vt 0.603650 0.612671
vt 0.641739 0.612671
vt 0.680982 0.612671
vt 0.719006 0.612671
vt 0.752475 0.612671
vt 0.788307 0.612671
vt 0.828704 0.612671
vt 0.959961 0.612671
vt 0.828704 0.580303
vt 0.968921 0.580303
vt 0.965859 0.598864
vt 0.788307 0.580303
vt 0.752475 0.580303
vt 0.719006 0.580303
vt 0.680982 0.580303
vt 0.641739 0.580303
vt 0.603650 0.580303
vt 0.564482 0.580303
vt 0.526466 0.580303
vt 0.487212 0.580303
vt 0.447958 0.580303
vt 0.409858 0.580304
vt 0.373017 0.580303
vt 0.336176 0.580303
vt 0.302788 0.580303
vt 0.268118 0.580303
vt 0.236915 0.580303
vt 0.203563 0.580303
vt 0.170398 0.580303
vt 0.137009 0.580303
vt 0.107324 0.580303
vt 0.107324 0.545043
vt 0.137009 0.545043
vt 0.170398 0.545043
vt 0.203563 0.545043
vt 0.236915 0.545043
vt 0.268118 0.545044
vt 0.302788 0.545044
vt 0.336176 0.545044
vt 0.373017 0.545044
vt 0.409858 0.545044
vt 0.447958 0.545043
vt 0.487212 0.545043
vt 0.526466 0.545043
vt 0.564482 0.545043
vt 0.603650 0.545043
vt 0.641739 0.545043
vt 0.680982 0.545043
vt 0.719006 0.545043
vt 0.752475 0.545043
vt 0.788307 0.545043
vt 0.828704 0.545043
vt 0.974737 0.545043
vt 0.828704 0.513732
vt 0.978006 0.513732
vt 0.977790 0.526537
vt 0.788307 0.513732
vt 0.752475 0.513732
vt 0.719006 0.513732
vt 0.680982 0.513732
vt 0.641739 0.513732
vt 0.603650 0.513732
vt 0.564482 0.513732
vt 0.526466 0.513732
vt 0.487212 0.513732
vt 0.447958 0.513732
vt 0.409858 0.513733
vt 0.373017 0.513733
vt 0.336176 0.513733
vt 0.302788 0.513733
vt 0.268118 0.513733
vt 0.236915 0.513732
vt 0.203563 0.513732
vt 0.170398 0.513732
vt 0.137009 0.513732
vt 0.107324 0.513732
vt 0.107324 0.482492
vt 0.137009 0.482492
vt 0.170398 0.482492
vt 0.203563 0.482492
vt 0.236915 0.482492
vt 0.268118 0.482492
vt 0.302788 0.482492
vt 0.336176 0.482492
vt 0.373017 0.482492
vt 0.409858 0.482492
vt 0.447958 0.482492
vt 0.487212 0.482492
vt 0.526466 0.482492
vt 0.564482 0.482492
vt 0.603650 0.482492
vt 0.641739 0.482492
vt 0.680982 0.482492
vt 0.719006 0.482492
vt 0.752475 0.482492
vt 0.788307 0.482492
vt 0.828704 0.482492
vt 0.978535 0.482492
vt 0.828704 0.448857
vt 0.971930 0.448857
vt 0.788307 0.448857
vt 0.752475 0.448857
vt 0.719006 0.448857
vt 0.680982 0.448857
vt 0.641739 0.448857
vt 0.603650 0.448857
vt 0.564482 0.448857
vt 0.526466 0.448857
vt 0.487212 0.448857
vt 0.447958 0.448857
vt 0.409858 0.448857
vt 0.373017 0.448857
vt 0.336176 0.448857
vt 0.302788 0.448857
vt 0.268118 0.448857
vt 0.236915 0.448857
vt 0.203563 0.448857
vt 0.170398 0.448857
vt 0.137009 0.448857
vt 0.107324 0.448857
vt 0.107324 0.414151
vt 0.137009 0.414151
vt 0.170398 0.414151
vt 0.203563 0.414151
vt 0.236915 0.414151
vt 0.268118 0.414152
vt 0.302788 0.414152
vt 0.336176 0.414152
vt 0.373017 0.414152
vt 0.409858 0.414152
vt 0.447958 0.414151
vt 0.487212 0.414151
vt 0.526466 0.414151
vt 0.564482 0.414151
vt 0.603650 0.414151
vt 0.641739 0.414151
vt 0.680982 0.414151
vt 0.719006 0.414151
vt 0.752475 0.414151
vt 0.788307 0.414151
vt 0.828704 0.414151
vt 0.965114 0.414151
vt 0.828704 0.381760
vt 0.953528 0.381759
vt 0.788307 0.381760
vt 0.752475 0.381760
vt 0.719006 0.381760
vt 0.680982 0.381760
vt 0.641739 0.381760
vt 0.603650 0.381760
vt 0.564482 0.381760
vt 0.526466 0.381760
vt 0.487212 0.381760
vt 0.447958 0.381760
vt 0.409858 0.381760
vt 0.373017 0.381760
vt 0.336176 0.381760
vt 0.302788 0.381760
vt 0.268118 0.381760
vt 0.236915 0.381760
vt 0.203563 0.381760
vt 0.170398 0.381760
vt 0.137009 0.381760
vt 0.107324 0.381759
vt 0.107324 0.345897
vt 0.137009 0.345897
vt 0.170398 0.345897
vt 0.203563 0.345897
vt 0.236915 0.345897
vt 0.268118 0.345898
vt 0.302788 0.345898
vt 0.336176 0.345898
vt 0.373017 0.345898
vt 0.409858 0.345898
vt 0.447958 0.345897
vt 0.487212 0.345897
vt 0.526466 0.345897
vt 0.564482 0.345897
vt 0.603650 0.345897
vt 0.641739 0.345897
vt 0.680982 0.345897
vt 0.719006 0.345897
vt 0.752475 0.345897
vt 0.788307 0.345897
vt 0.828704 0.345897
vt 0.940701 0.345897
vt 0.828704 0.309915
vt 0.927831 0.309915
vt 0.788307 0.309915
vt 0.752475 0.309915
vt 0.719006 0.309915
vt 0.680982 0.309915
vt 0.641739 0.309915
vt 0.603650 0.309915
vt 0.564482 0.309915
vt 0.526466 0.309915
vt 0.487212 0.309915
vt 0.447958 0.309915
vt 0.409858 0.309915
vt 0.373017 0.309915
vt 0.336176 0.309915
vt 0.302788 0.309915
vt 0.268118 0.309915
vt 0.236915 0.309915
vt 0.203563 0.309915
vt 0.170398 0.309915
vt 0.137009 0.309915
vt 0.107324 0.309915
vt 0.137009 0.274066
vt 0.170398 0.274066
vt 0.203563 0.274066
vt 0.236915 0.274066
vt 0.268118 0.274067
vt 0.302788 0.274067
vt 0.336176 0.274067
vt 0.373017 0.274067
vt 0.409858 0.274067
vt 0.447958 0.274066
vt 0.487212 0.274066
vt 0.526466 0.274066
vt 0.564482 0.274066
vt 0.603650 0.274066
vt 0.641739 0.274066
vt 0.680982 0.274066
vt 0.719006 0.274066
vt 0.752475 0.274066
vt 0.788307 0.274066
vt 0.828704 0.274066
vt 0.894491 0.274066
vt 0.828704 0.246195
vt 0.868569 0.246195
vt 0.788307 0.246195
vt 0.752475 0.246195
vt 0.719006 0.246195
vt 0.680982 0.246195
vt 0.641739 0.246195
vt 0.603650 0.246195
vt 0.564482 0.246195
vt 0.526466 0.246195
vt 0.487212 0.246195
vt 0.447958 0.246195
vt 0.409858 0.246195
vt 0.373017 0.246195
vt 0.336176 0.246195
vt 0.302788 0.246195
vt 0.268118 0.246195
vt 0.236915 0.246195
vt 0.203563 0.246195
vt 0.170398 0.246195
vt 0.203563 0.224131
vt 0.236915 0.224131
vt 0.268118 0.224131
vt 0.302788 0.224131
vt 0.336176 0.224131
vt 0.373017 0.224131
vt 0.409858 0.224131
vt 0.447958 0.224131
vt 0.487212 0.224131
vt 0.526466 0.224131
vt 0.564482 0.224131
vt 0.603650 0.224131
vt 0.641739 0.224131
vt 0.680982 0.224131
vt 0.719006 0.224131
vt 0.752475 0.224131
vt 0.788307 0.224131
vt 0.828704 0.224131
vt 0.848048 0.224131
vt 0.788307 0.203118
vt 0.815377 0.203118
vt 0.828704 0.211689
vt 0.752475 0.203118
vt 0.719006 0.203118
vt 0.680982 0.203118
vt 0.641739 0.203118
vt 0.603650 0.203118
vt 0.564482 0.203118
vt 0.526466 0.203118
vt 0.487212 0.203118
vt 0.447958 0.203118
vt 0.409858 0.203118
vt 0.373017 0.203118
vt 0.336176 0.203118
vt 0.302788 0.203118
vt 0.268118 0.203118
vt 0.236915 0.203118
vt 0.268118 0.176269
vt 0.302788 0.176269
vt 0.336176 0.176269
vt 0.373017 0.176269
vt 0.409858 0.176269
vt 0.447958 0.176269
vt 0.487212 0.176269
vt 0.526466 0.176269
vt 0.564482 0.176269
vt 0.603650 0.176269
vt 0.641739 0.176269
vt 0.680982 0.176269
vt 0.719006 0.176269
vt 0.752475 0.176269
vt 0.773630 0.176269
vt 0.788307 0.185709
vt 0.051250 0.381759
vt 0.058417 0.360258
vt 0.066288 0.345897
vt 0.085260 0.687878
vt 0.065128 0.649662
vt 0.086006 0.309915
vt 0.050961 0.612671
vt 0.107324 0.286622
vt 0.118815 0.274066
vt 0.203563 0.208777
vt 0.212653 0.203118
vt 0.178898 0.224131
vt 0.037540 0.545043
vt 0.032553 0.513732
vt 0.170398 0.229421
vt 0.236915 0.188015
vt 0.265741 0.176269
vt 0.031574 0.482492
vt 0.752475 0.162664
vt 0.719006 0.154429
vt 0.680982 0.145073
vt 0.641739 0.135417
vt 0.137009 0.257807
vt 0.043505 0.580303
vt 0.603650 0.129174
vt 0.619137 0.129856
vt 0.564482 0.127449
vt 0.526466 0.125776
vt 0.487212 0.125955
vt 0.500581 0.124636
vt 0.150003 0.246195
vt 0.165044 0.232754
vt 0.447958 0.129826
vt 0.409858 0.133584
vt 0.373017 0.143077
vt 0.336176 0.152570
vt 0.302788 0.161172
vt 0.268118 0.175301
vt 0.198598 0.787511
vt 0.036794 0.448857
vt 0.042407 0.414151
vt 0.161316 0.764396
vt 0.044250 0.402760
s 0
f 1043/1/1 1044/2/1 857/2/1 1/1/1
f 1044/2/2 1043/1/2 2/1/2 858/2/2
f 1044/2/3 1045/3/3 873/3/3 857/2/3
f 1045/3/4 1044/2/4 858/2/4 874/3/4
f 1045/3/5 1043/1/5 1/1/5 873/3/5
f 1043/1/6 1045/3/6 874/3/6 2/1/6
f 1046/4/1 1047/1/1 1/1/1 3/4/1
f 1047/1/2 1046/4/2 4/4/2 2/1/2
f 1047/1/7 1048/3/7 873/3/7 1/1/7
f 1048/3/8 1047/1/8 2/1/8 874/3/8
f 1048/3/9 1049/5/9 879/5/9 873/3/9
f 1049/5/10 1048/3/10 874/3/10 880/5/10
f 1049/5/5 1046/4/5 3/4/5 879/5/5
f 1046/4/6 1049/5/6 880/5/6 4/4/6
f 1050/6/1 1051/4/1 3/4/1 5/6/1
f 1051/4/2 1050/6/2 6/6/2 4/4/2
f 1051/4/7 1052/5/7 879/5/7 3/4/7
f 1052/5/8 1051/4/8 4/4/8 880/5/8
f 1052/5/9 1053/7/9 887/7/9 879/5/9
f 1053/7/10 1052/5/10 880/5/10 888/7/10
f 1053/7/5 1050/6/5 5/6/5 887/7/5
f 1050/6/6 1053/7/6 888/7/6 6/6/6
f 1054/8/1 1055/6/1 5/6/1 7/8/1
f 1055/6/2 1054/8/2 8/8/2 6/6/2
f 1055/6/7 1056/7/7 887/7/7 5/6/7
f 1056/7/8 1055/6/8 6/6/8 888/7/8
f 1056/7/11 1057/9/11 897/9/11 887/7/11
f 1057/9/12 1056/7/12 888/7/12 898/9/12
f 1057/9/5 1054/8/5 7/8/5 897/9/5
f 1054/8/6 1057/9/6 898/9/6 8/8/6
f 1058/10/1 1059/8/1 7/8/1 9/10/1
f 1059/8/2 1058/10/2 10/10/2 8/8/2
f 1059/8/7 1060/9/7 897/9/7 7/8/7
f 1060/9/8 1059/8/8 8/8/8 898/9/8
f 1060/9/11 1061/11/11 909/11/11 897/9/11
f 1061/11/12 1060/9/12 898/9/12 910/11/12
f 1061/11/5 1058/10/5 9/10/5 909/11/5
f 1058/10/6 1061/11/6 910/11/6 10/10/6
f 1062/12/1 1063/10/1 9/10/1 11/12/1
f 1063/10/2 1062/12/2 12/12/2 10/10/2
f 1063/10/7 1064/11/7 909/11/7 9/10/7
f 1064/11/8 1063/10/8 10/10/8 910/11/8
f 1064/11/13 1065/13/13 917/13/13 909/11/13
f 1065/13/14 1064/11/14 910/11/14 918/13/14
f 1065/13/5 1062/12/5 11/12/5 917/13/5
f 1062/12/6 1065/13/6 918/13/6 12/12/6
f 1066/14/1 1067/12/1 11/12/1 13/14/1
f 1067/12/2 1066/14/2 14/14/2 12/12/2
f 1067/12/7 1068/13/7 917/13/7 11/12/7
f 1068/13/8 1067/12/8 12/12/8 918/13/8
f 1068/13/13 1069/15/13 927/15/13 917/13/13
f 1069/15/14 1068/13/14 918/13/14 928/15/14
f 1069/15/5 1066/14/5 13/14/5 927/15/5
f 1066/14/6 1069/15/6 928/15/6 14/14/6
f 1070/16/1 1071/14/1 13/14/1 15/16/1
f 1071/14/2 1070/16/2 16/16/2 14/14/2
f 1071/14/7 1072/15/7 927/15/7 13/14/7
f 1072/15/8 1071/14/8 14/14/8 928/15/8
f 1072/15/15 1073/17/15 933/17/15 927/15/15
f 1073/17/16 1072/15/16 928/15/16 934/17/16
f 1073/17/5 1070/16/5 15/16/5 933/17/5
f 1070/16/6 1073/17/6 934/17/6 16/16/6
f 1074/18/1 1075/16/1 15/16/1 17/18/1
f 1075/16/2 1074/18/2 18/18/2 16/16/2
f 1075/16/7 1076/17/7 933/17/7 15/16/7
f 1076/17/8 1075/16/8 16/16/8 934/17/8
f 1076/17/17 1077/19/17 945/19/17 933/17/17
f 1077/19/18 1076/17/18 934/17/18 946/19/18
f 1077/19/5 1074/18/5 17/18/5 945/19/5
f 1074/18/6 1077/19/6 946/19/6 18/18/6
f 1078/20/1 1079/18/1 17/18/1 19/20/1
f 1079/18/2 1078/20/2 20/20/2 18/18/2
f 1079/18/7 1080/19/7 945/19/7 17/18/7
f 1080/19/8 1079/18/8 18/18/8 946/19/8
f 1080/19/19 1081/21/19 951/21/19 945/19/19
f 1081/21/20 1080/19/20 946/19/20 952/21/20
f 1081/21/5 1078/20/5 19/20/5 951/21/5
f 1078/20/6 1081/21/6 952/21/6 20/20/6
f 1082/22/1 1083/20/1 19/20/1 21/22/1
f 1083/20/2 1082/22/2 22/22/2 20/20/2
f 1083/20/7 1084/21/7 951/21/7 19/20/7
f 1084/21/8 1083/20/8 20/20/8 952/21/8
f 1084/21/19 1085/23/19 961/23/19 951/21/19
f 1085/23/20 1084/21/20 952/21/20 962/23/20
f 1085/23/5 1082/22/5 21/22/5 961/23/5
f 1082/22/6 1085/23/6 962/23/6 22/22/6
f 1086/24/1 1087/22/1 21/22/1 23/24/1
f 1087/22/2 1086/24/2 24/24/2 22/22/2
f 1087/22/7 1088/23/7 961/23/7 21/22/7
f 1088/23/8 1087/22/8 22/22/8 962/23/8
f 1088/23/19 1089/25/19 1023/25/19 961/23/19
f 1089/25/20 1088/23/20 962/23/20 1024/25/20
f 1089/25/21 1090/26/21 969/26/21 1023/25/21
f 1090/26/22 1089/25/22 1024/25/22 970/26/22
f 1090/26/5 1086/24/5 23/24/5 969/26/5
f 1086/24/6 1090/26/6 970/26/6 24/24/6
f 1091/27/1 1092/24/1 23/24/1 25/27/1
f 1092/24/2 1091/27/2 26/27/2 24/24/2
f 1092/24/7 1093/26/7 969/26/7 23/24/7
f 1093/26/8 1092/24/8 24/24/8 970/26/8
f 1093/26/21 1094/28/21 981/28/21 969/26/21
f 1094/28/22 1093/26/22 970/26/22 982/28/22
f 1094/28/5 1091/27/5 25/27/5 981/28/5
f 1091/27/6 1094/28/6 982/28/6 26/27/6
f 1095/29/1 1096/27/1 25/27/1 27/29/1
f 1096/27/2 1095/29/2 28/29/2 26/27/2
f 1096/27/7 1097/28/7 981/28/7 25/27/7
f 1097/28/8 1096/27/8 26/27/8 982/28/8
f 1097/28/23 1095/29/23 27/29/23 981/28/23
f 1095/29/24 1097/28/24 982/28/24 28/29/24
f 1098/30/1 1099/31/1 57/31/1 59/30/1
f 1099/31/2 1098/30/2 60/30/2 58/31/2
f 1099/31/7 1100/29/7 27/29/7 57/31/7
f 1100/29/8 1099/31/8 58/31/8 28/29/8
f 1100/29/25 1101/32/25 937/32/25 27/29/25
f 1101/32/26 1100/29/26 28/29/26 938/32/26
f 1101/32/5 1098/30/5 59/30/5 937/32/5
f 1098/30/6 1101/32/6 938/32/6 60/30/6
f 1102/31/1 1103/33/1 55/33/1 57/31/1
f 1103/33/2 1102/31/2 58/31/2 56/33/2
f 1103/33/7 1104/27/7 25/27/7 55/33/7
f 1104/27/8 1103/33/8 56/33/8 26/27/8
f 1104/27/27 1105/29/27 27/29/27 25/27/27
f 1105/29/28 1104/27/28 26/27/28 28/29/28
f 1105/29/5 1102/31/5 57/31/5 27/29/5
f 1102/31/6 1105/29/6 28/29/6 58/31/6
f 1106/33/1 1107/34/1 53/34/1 55/33/1
f 1107/34/2 1106/33/2 56/33/2 54/34/2
f 1107/34/7 1108/24/7 23/24/7 53/34/7
f 1108/24/8 1107/34/8 54/34/8 24/24/8
f 1108/24/27 1109/27/27 25/27/27 23/24/27
f 1109/27/28 1108/24/28 24/24/28 26/27/28
f 1109/27/5 1106/33/5 55/33/5 25/27/5
f 1106/33/6 1109/27/6 26/27/6 56/33/6
f 1110/34/1 1111/35/1 51/35/1 53/34/1
f 1111/35/2 1110/34/2 54/34/2 52/35/2
f 1111/35/7 1112/22/7 21/22/7 51/35/7
f 1112/22/8 1111/35/8 52/35/8 22/22/8
f 1112/22/27 1113/24/27 23/24/27 21/22/27
f 1113/24/28 1112/22/28 22/22/28 24/24/28
f 1113/24/5 1110/34/5 53/34/5 23/24/5
f 1110/34/6 1113/24/6 24/24/6 54/34/6
f 1114/35/1 1115/36/1 49/36/1 51/35/1
f 1115/36/2 1114/35/2 52/35/2 50/36/2
f 1115/36/7 1116/20/7 19/20/7 49/36/7
f 1116/20/8 1115/36/8 50/36/8 20/20/8
f 1116/20/27 1117/22/27 21/22/27 19/20/27
f 1117/22/28 1116/20/28 20/20/28 22/22/28
f 1117/22/5 1114/35/5 51/35/5 21/22/5
f 1114/35/6 1117/22/6 22/22/6 52/35/6
f 1118/36/1 1119/37/1 47/37/1 49/36/1
f 1119/37/2 1118/36/2 50/36/2 48/37/2
f 1119/37/7 1120/18/7 17/18/7 47/37/7
f 1120/18/8 1119/37/8 48/37/8 18/18/8
f 1120/18/27 1121/20/27 19/20/27 17/18/27
f 1121/20/28 1120/18/28 18/18/28 20/20/28
f 1121/20/5 1118/36/5 49/36/5 19/20/5
f 1118/36/6 1121/20/6 20/20/6 50/36/6
f 1122/37/1 1123/38/1 45/38/1 47/37/1
f 1123/38/2 1122/37/2 48/37/2 46/38/2
f 1123/38/7 1124/16/7 15/16/7 45/38/7
f 1124/16/8 1123/38/8 46/38/8 16/16/8
f 1124/16/27 1125/18/27 17/18/27 15/16/27
f 1125/18/28 1124/16/28 16/16/28 18/18/28
f 1125/18/5 1122/37/5 47/37/5 17/18/5
f 1122/37/6 1125/18/6 18/18/6 48/37/6
f 1126/38/1 1127/39/1 43/39/1 45/38/1
f 1127/39/2 1126/38/2 46/38/2 44/39/2
f 1127/39/7 1128/14/7 13/14/7 43/39/7
f 1128/14/8 1127/39/8 44/39/8 14/14/8
f 1128/14/27 1129/16/27 15/16/27 13/14/27
f 1129/16/28 1128/14/28 14/14/28 16/16/28
f 1129/16/5 1126/38/5 45/38/5 15/16/5
f 1126/38/6 1129/16/6 16/16/6 46/38/6
f 1130/39/1 1131/40/1 41/40/1 43/39/1
f 1131/40/2 1130/39/2 44/39/2 42/40/2
f 1131/40/7 1132/12/7 11/12/7 41/40/7
f 1132/12/8 1131/40/8 42/40/8 12/12/8
f 1132/12/27 1133/14/27 13/14/27 11/12/27
f 1133/14/28 1132/12/28 12/12/28 14/14/28
f 1133/14/5 1130/39/5 43/39/5 13/14/5
f 1130/39/6 1133/14/6 14/14/6 44/39/6
f 1134/40/1 1135/41/1 39/41/1 41/40/1
f 1135/41/2 1134/40/2 42/40/2 40/41/2
f 1135/41/7 1136/10/7 9/10/7 39/41/7
f 1136/10/8 1135/41/8 40/41/8 10/10/8
f 1136/10/27 1137/12/27 11/12/27 9/10/27
f 1137/12/28 1136/10/28 10/10/28 12/12/28
f 1137/12/5 1134/40/5 41/40/5 11/12/5
f 1134/40/6 1137/12/6 12/12/6 42/40/6
f 1138/41/1 1139/42/1 37/42/1 39/41/1
f 1139/42/2 1138/41/2 40/41/2 38/42/2
f 1139/42/7 1140/8/7 7/8/7 37/42/7
f 1140/8/8 1139/42/8 38/42/8 8/8/8
f 1140/8/27 1141/10/27 9/10/27 7/8/27
f 1141/10/28 1140/8/28 8/8/28 10/10/28
f 1141/10/5 1138/41/5 39/41/5 9/10/5
f 1138/41/6 1141/10/6 10/10/6 40/41/6
f 1142/42/1 1143/43/1 35/43/1 37/42/1
f 1143/43/2 1142/42/2 38/42/2 36/43/2
f 1143/43/7 1144/6/7 5/6/7 35/43/7
f 1144/6/8 1143/43/8 36/43/8 6/6/8
f 1144/6/27 1145/8/27 7/8/27 5/6/27
f 1145/8/28 1144/6/28 6/6/28 8/8/28
f 1145/8/5 1142/42/5 37/42/5 7/8/5
f 1142/42/6 1145/8/6 8/8/6 38/42/6
f 1146/43/1 1147/44/1 33/44/1 35/43/1
f 1147/44/2 1146/43/2 36/43/2 34/44/2
f 1147/44/7 1148/4/7 3/4/7 33/44/7
f 1148/4/8 1147/44/8 34/44/8 4/4/8
f 1148/4/27 1149/6/27 5/6/27 3/4/27
f 1149/6/28 1148/4/28 4/4/28 6/6/28
f 1149/6/5 1146/43/5 35/43/5 5/6/5
f 1146/43/6 1149/6/6 6/6/6 36/43/6
f 1150/44/1 1151/45/1 31/45/1 33/44/1
f 1151/45/2 1150/44/2 34/44/2 32/45/2
f 1151/45/7 1152/1/7 1/1/7 31/45/7
f 1152/1/8 1151/45/8 32/45/8 2/1/8
f 1152/1/27 1153/4/27 3/4/27 1/1/27
f 1153/4/28 1152/1/28 2/1/28 4/4/28
f 1153/4/5 1150/44/5 33/44/5 3/4/5
f 1150/44/6 1153/4/6 4/4/6 34/44/6
f 1154/45/1 1155/46/1 29/46/1 31/45/1
f 1155/46/2 1154/45/2 32/45/2 30/46/2
f 1155/46/7 1156/47/7 891/47/7 29/46/7
f 1156/47/8 1155/46/8 30/46/8 892/47/8
f 1156/47/3 1157/2/3 857/2/3 891/47/3
f 1157/2/4 1156/47/4 892/47/4 858/2/4
f 1157/2/27 1158/1/27 1/1/27 857/2/27
f 1158/1/28 1157/2/28 858/2/28 2/1/28
f 1158/1/5 1154/45/5 31/45/5 1/1/5
f 1154/45/6 1158/1/6 2/1/6 32/45/6
f 1159/46/1 1160/48/1 935/48/1 29/46/1
f 1160/48/2 1159/46/2 30/46/2 936/48/2
f 1160/48/29 1161/49/29 1027/49/29 935/48/29
f 1161/49/30 1160/48/30 936/48/30 1028/49/30
f 1161/49/3 1162/47/3 891/47/3 1027/49/3
f 1162/47/4 1161/49/4 1028/49/4 892/47/4
f 1162/47/5 1159/46/5 29/46/5 891/47/5
f 1159/46/6 1162/47/6 892/47/6 30/46/6
f 1163/50/1 1164/51/1 979/51/1 61/50/1
f 1164/51/2 1163/50/2 62/50/2 980/51/2
f 1164/51/29 1165/52/29 869/52/29 979/51/29
f 1165/52/30 1164/51/30 980/51/30 870/52/30
f 1165/52/5 1163/50/5 61/50/5 869/52/5
f 1163/50/6 1165/52/6 870/52/6 62/50/6
f 1166/53/1 1167/50/1 61/50/1 63/53/1
f 1167/50/2 1166/53/2 64/53/2 62/50/2
f 1167/50/7 1168/52/7 869/52/7 61/50/7
f 1168/52/8 1167/50/8 62/50/8 870/52/8
f 1168/52/29 1169/48/29 935/48/29 869/52/29
f 1169/48/30 1168/52/30 870/52/30 936/48/30
f 1169/48/27 1170/46/27 29/46/27 935/48/27
f 1170/46/28 1169/48/28 936/48/28 30/46/28
f 1170/46/5 1166/53/5 63/53/5 29/46/5
f 1166/53/6 1170/46/6 30/46/6 64/53/6
f 1171/54/1 1172/53/1 63/53/1 65/54/1
f 1172/53/2 1171/54/2 66/54/2 64/53/2
f 1172/53/7 1173/46/7 29/46/7 63/53/7
f 1173/46/8 1172/53/8 64/53/8 30/46/8
f 1173/46/27 1174/45/27 31/45/27 29/46/27
f 1174/45/28 1173/46/28 30/46/28 32/45/28
f 1174/45/5 1171/54/5 65/54/5 31/45/5
f 1171/54/6 1174/45/6 32/45/6 66/54/6
f 1175/55/1 1176/54/1 65/54/1 67/55/1
f 1176/54/2 1175/55/2 68/55/2 66/54/2
f 1176/54/7 1177/45/7 31/45/7 65/54/7
f 1177/45/8 1176/54/8 66/54/8 32/45/8
f 1177/45/27 1178/44/27 33/44/27 31/45/27
f 1178/44/28 1177/45/28 32/45/28 34/44/28
f 1178/44/5 1175/55/5 67/55/5 33/44/5
f 1175/55/6 1178/44/6 34/44/6 68/55/6
f 1179/56/1 1180/55/1 67/55/1 69/56/1
f 1180/55/2 1179/56/2 70/56/2 68/55/2
f 1180/55/7 1181/44/7 33/44/7 67/55/7
f 1181/44/8 1180/55/8 68/55/8 34/44/8
f 1181/44/27 1182/43/27 35/43/27 33/44/27
f 1182/43/28 1181/44/28 34/44/28 36/43/28
f 1182/43/5 1179/56/5 69/56/5 35/43/5
f 1179/56/6 1182/43/6 36/43/6 70/56/6
f 1183/57/1 1184/56/1 69/56/1 71/57/1
f 1184/56/2 1183/57/2 72/57/2 70/56/2
f 1184/56/7 1185/43/7 35/43/7 69/56/7
f 1185/43/8 1184/56/8 70/56/8 36/43/8
f 1185/43/27 1186/42/27 37/42/27 35/43/27
f 1186/42/28 1185/43/28 36/43/28 38/42/28
f 1186/42/5 1183/57/5 71/57/5 37/42/5
f 1183/57/6 1186/42/6 38/42/6 72/57/6
f 1187/58/1 1188/57/1 71/57/1 73/58/1
f 1188/57/2 1187/58/2 74/58/2 72/57/2
f 1188/57/7 1189/42/7 37/42/7 71/57/7
f 1189/42/8 1188/57/8 72/57/8 38/42/8
f 1189/42/27 1190/41/27 39/41/27 37/42/27
f 1190/41/28 1189/42/28 38/42/28 40/41/28
f 1190/41/5 1187/58/5 73/58/5 39/41/5
f 1187/58/6 1190/41/6 40/41/6 74/58/6
f 1191/59/1 1192/58/1 73/58/1 75/59/1
f 1192/58/2 1191/59/2 76/59/2 74/58/2
f 1192/58/7 1193/41/7 39/41/7 73/58/7
f 1193/41/8 1192/58/8 74/58/8 40/41/8
f 1193/41/27 1194/40/27 41/40/27 39/41/27
f 1194/40/28 1193/41/28 40/41/28 42/40/28
f 1194/40/5 1191/59/5 75/59/5 41/40/5
f 1191/59/6 1194/40/6 42/40/6 76/59/6
f 1195/60/1 1196/59/1 75/59/1 77/60/1
f 1196/59/2 1195/60/2 78/60/2 76/59/2
f 1196/59/7 1197/40/7 41/40/7 75/59/7
f 1197/40/8 1196/59/8 76/59/8 42/40/8
f 1197/40/27 1198/39/27 43/39/27 41/40/27
f 1198/39/28 1197/40/28 42/40/28 44/39/28
f 1198/39/5 1195/60/5 77/60/5 43/39/5
f 1195/60/6 1198/39/6 44/39/6 78/60/6
f 1199/61/1 1200/60/1 77/60/1 79/61/1
f 1200/60/2 1199/61/2 80/61/2 78/60/2
f 1200/60/7 1201/39/7 43/39/7 77/60/7
f 1201/39/8 1200/60/8 78/60/8 44/39/8
f 1201/39/27 1202/38/27 45/38/27 43/39/27
f 1202/38/28 1201/39/28 44/39/28 46/38/28
f 1202/38/5 1199/61/5 79/61/5 45/38/5
f 1199/61/6 1202/38/6 46/38/6 80/61/6
f 1203/62/1 1204/61/1 79/61/1 81/62/1
f 1204/61/2 1203/62/2 82/62/2 80/61/2
f 1204/61/7 1205/38/7 45/38/7 79/61/7
f 1205/38/8 1204/61/8 80/61/8 46/38/8
f 1205/38/27 1206/37/27 47/37/27 45/38/27
f 1206/37/28 1205/38/28 46/38/28 48/37/28
f 1206/37/5 1203/62/5 81/62/5 47/37/5
f 1203/62/6 1206/37/6 48/37/6 82/62/6
f 1207/63/1 1208/62/1 81/62/1 83/63/1
f 1208/62/2 1207/63/2 84/63/2 82/62/2
f 1208/62/7 1209/37/7 47/37/7 81/62/7
f 1209/37/8 1208/62/8 82/62/8 48/37/8
f 1209/37/27 1210/36/27 49/36/27 47/37/27
f 1210/36/28 1209/37/28 48/37/28 50/36/28
f 1210/36/5 1207/63/5 83/63/5 49/36/5
f 1207/63/6 1210/36/6 50/36/6 84/63/6
f 1211/64/1 1212/63/1 83/63/1 85/64/1
f 1212/63/2 1211/64/2 86/64/2 84/63/2
f 1212/63/7 1213/36/7 49/36/7 83/63/7
f 1213/36/8 1212/63/8 84/63/8 50/36/8
f 1213/36/27 1214/35/27 51/35/27 49/36/27
f 1214/35/28 1213/36/28 50/36/28 52/35/28
f 1214/35/5 1211/64/5 85/64/5 51/35/5
f 1211/64/6 1214/35/6 52/35/6 86/64/6
f 1215/65/1 1216/64/1 85/64/1 87/65/1
f 1216/64/2 1215/65/2 88/65/2 86/64/2
f 1216/64/7 1217/35/7 51/35/7 85/64/7
f 1217/35/8 1216/64/8 86/64/8 52/35/8
f 1217/35/27 1218/34/27 53/34/27 51/35/27
f 1218/34/28 1217/35/28 52/35/28 54/34/28
f 1218/34/5 1215/65/5 87/65/5 53/34/5
f 1215/65/6 1218/34/6 54/34/6 88/65/6
f 1219/66/1 1220/65/1 87/65/1 89/66/1
f 1220/65/2 1219/66/2 90/66/2 88/65/2
f 1220/65/7 1221/34/7 53/34/7 87/65/7
f 1221/34/8 1220/65/8 88/65/8 54/34/8
f 1221/34/27 1222/33/27 55/33/27 53/34/27
f 1222/33/28 1221/34/28 54/34/28 56/33/28
f 1222/33/5 1219/66/5 89/66/5 55/33/5
f 1219/66/6 1222/33/6 56/33/6 90/66/6
f 1223/67/1 1224/66/1 89/66/1 91/67/1
f 1224/66/2 1223/67/2 92/67/2 90/66/2
f 1224/66/7 1225/33/7 55/33/7 89/66/7
f 1225/33/8 1224/66/8 90/66/8 56/33/8
f 1225/33/27 1226/31/27 57/31/27 55/33/27
f 1226/31/28 1225/33/28 56/33/28 58/31/28
f 1226/31/5 1223/67/5 91/67/5 57/31/5
f 1223/67/6 1226/31/6 58/31/6 92/67/6
f 1227/68/1 1228/67/1 91/67/1 93/68/1
f 1228/67/2 1227/68/2 94/68/2 92/67/2
f 1228/67/7 1229/31/7 57/31/7 91/67/7
f 1229/31/8 1228/67/8 92/67/8 58/31/8
f 1229/31/27 1230/30/27 59/30/27 57/31/27
f 1230/30/28 1229/31/28 58/31/28 60/30/28
f 1230/30/5 1227/68/5 93/68/5 59/30/5
f 1227/68/6 1230/30/6 60/30/6 94/68/6
f 1231/69/1 1232/68/1 93/68/1 95/69/1
f 1232/68/2 1231/69/2 96/69/2 94/68/2
f 1232/68/7 1233/30/7 59/30/7 93/68/7
f 1233/30/8 1232/68/8 94/68/8 60/30/8
f 1233/30/27 1234/70/27 991/70/27 59/30/27
f 1234/70/28 1233/30/28 60/30/28 992/70/28
f 1234/70/31 1235/71/31 921/71/31 991/70/31
f 1235/71/32 1234/70/32 992/70/32 922/71/32
f 1235/71/5 1231/69/5 95/69/5 921/71/5
f 1231/69/6 1235/71/6 922/71/6 96/69/6
f 1236/72/1 1237/73/1 131/73/1 133/72/1
f 1237/73/2 1236/72/2 134/72/2 132/73/2
f 1237/73/7 1238/69/7 95/69/7 131/73/7
f 1238/69/8 1237/73/8 132/73/8 96/69/8
f 1238/69/27 1239/74/27 925/74/27 95/69/27
f 1239/74/28 1238/69/28 96/69/28 926/74/28
f 1239/74/33 1240/75/33 923/75/33 925/74/33
f 1240/75/34 1239/74/34 926/74/34 924/75/34
f 1240/75/5 1236/72/5 133/72/5 923/75/5
f 1236/72/6 1240/75/6 924/75/6 134/72/6
f 1241/73/1 1242/76/1 129/76/1 131/73/1
f 1242/76/2 1241/73/2 132/73/2 130/76/2
f 1242/76/7 1243/68/7 93/68/7 129/76/7
f 1243/68/8 1242/76/8 130/76/8 94/68/8
f 1243/68/27 1244/69/27 95/69/27 93/68/27
f 1244/69/28 1243/68/28 94/68/28 96/69/28
f 1244/69/5 1241/73/5 131/73/5 95/69/5
f 1241/73/6 1244/69/6 96/69/6 132/73/6
f 1245/76/1 1246/77/1 127/77/1 129/76/1
f 1246/77/2 1245/76/2 130/76/2 128/77/2
f 1246/77/7 1247/67/7 91/67/7 127/77/7
f 1247/67/8 1246/77/8 128/77/8 92/67/8
f 1247/67/27 1248/68/27 93/68/27 91/67/27
f 1248/68/28 1247/67/28 92/67/28 94/68/28
f 1248/68/5 1245/76/5 129/76/5 93/68/5
f 1245/76/6 1248/68/6 94/68/6 130/76/6
f 1249/77/1 1250/78/1 125/78/1 127/77/1
f 1250/78/2 1249/77/2 128/77/2 126/78/2
f 1250/78/7 1251/66/7 89/66/7 125/78/7
f 1251/66/8 1250/78/8 126/78/8 90/66/8
f 1251/66/27 1252/67/27 91/67/27 89/66/27
f 1252/67/28 1251/66/28 90/66/28 92/67/28
f 1252/67/5 1249/77/5 127/77/5 91/67/5
f 1249/77/6 1252/67/6 92/67/6 128/77/6
f 1253/78/1 1254/79/1 123/79/1 125/78/1
f 1254/79/2 1253/78/2 126/78/2 124/79/2
f 1254/79/7 1255/65/7 87/65/7 123/79/7
f 1255/65/8 1254/79/8 124/79/8 88/65/8
f 1255/65/27 1256/66/27 89/66/27 87/65/27
f 1256/66/28 1255/65/28 88/65/28 90/66/28
f 1256/66/5 1253/78/5 125/78/5 89/66/5
f 1253/78/6 1256/66/6 90/66/6 126/78/6
f 1257/79/1 1258/80/1 121/80/1 123/79/1
f 1258/80/2 1257/79/2 124/79/2 122/80/2
f 1258/80/7 1259/64/7 85/64/7 121/80/7
f 1259/64/8 1258/80/8 122/80/8 86/64/8
f 1259/64/27 1260/65/27 87/65/27 85/64/27
f 1260/65/28 1259/64/28 86/64/28 88/65/28
f 1260/65/5 1257/79/5 123/79/5 87/65/5
f 1257/79/6 1260/65/6 88/65/6 124/79/6
f 1261/80/1 1262/81/1 119/81/1 121/80/1
f 1262/81/2 1261/80/2 122/80/2 120/81/2
f 1262/81/7 1263/63/7 83/63/7 119/81/7
f 1263/63/8 1262/81/8 120/81/8 84/63/8
f 1263/63/27 1264/64/27 85/64/27 83/63/27
f 1264/64/28 1263/63/28 84/63/28 86/64/28
f 1264/64/5 1261/80/5 121/80/5 85/64/5
f 1261/80/6 1264/64/6 86/64/6 122/80/6
f 1265/81/1 1266/82/1 117/82/1 119/81/1
f 1266/82/2 1265/81/2 120/81/2 118/82/2
f 1266/82/7 1267/62/7 81/62/7 117/82/7
f 1267/62/8 1266/82/8 118/82/8 82/62/8
f 1267/62/27 1268/63/27 83/63/27 81/62/27
f 1268/63/28 1267/62/28 82/62/28 84/63/28
f 1268/63/5 1265/81/5 119/81/5 83/63/5
f 1265/81/6 1268/63/6 84/63/6 120/81/6
f 1269/82/1 1270/83/1 115/83/1 117/82/1
f 1270/83/2 1269/82/2 118/82/2 116/83/2
f 1270/83/7 1271/61/7 79/61/7 115/83/7
f 1271/61/8 1270/83/8 116/83/8 80/61/8
f 1271/61/27 1272/62/27 81/62/27 79/61/27
f 1272/62/28 1271/61/28 80/61/28 82/62/28
f 1272/62/5 1269/82/5 117/82/5 81/62/5
f 1269/82/6 1272/62/6 82/62/6 118/82/6
f 1273/83/1 1274/84/1 113/84/1 115/83/1
f 1274/84/2 1273/83/2 116/83/2 114/84/2
f 1274/84/7 1275/60/7 77/60/7 113/84/7
f 1275/60/8 1274/84/8 114/84/8 78/60/8
f 1275/60/27 1276/61/27 79/61/27 77/60/27
f 1276/61/28 1275/60/28 78/60/28 80/61/28
f 1276/61/5 1273/83/5 115/83/5 79/61/5
f 1273/83/6 1276/61/6 80/61/6 116/83/6
f 1277/84/1 1278/85/1 111/85/1 113/84/1
f 1278/85/2 1277/84/2 114/84/2 112/85/2
f 1278/85/7 1279/59/7 75/59/7 111/85/7
f 1279/59/8 1278/85/8 112/85/8 76/59/8
f 1279/59/27 1280/60/27 77/60/27 75/59/27
f 1280/60/28 1279/59/28 76/59/28 78/60/28
f 1280/60/5 1277/84/5 113/84/5 77/60/5
f 1277/84/6 1280/60/6 78/60/6 114/84/6
f 1281/85/1 1282/86/1 109/86/1 111/85/1
f 1282/86/2 1281/85/2 112/85/2 110/86/2
f 1282/86/7 1283/58/7 73/58/7 109/86/7
f 1283/58/8 1282/86/8 110/86/8 74/58/8
f 1283/58/27 1284/59/27 75/59/27 73/58/27
f 1284/59/28 1283/58/28 74/58/28 76/59/28
f 1284/59/5 1281/85/5 111/85/5 75/59/5
f 1281/85/6 1284/59/6 76/59/6 112/85/6
f 1285/86/1 1286/87/1 107/87/1 109/86/1
f 1286/87/2 1285/86/2 110/86/2 108/87/2
f 1286/87/7 1287/57/7 71/57/7 107/87/7
f 1287/57/8 1286/87/8 108/87/8 72/57/8
f 1287/57/27 1288/58/27 73/58/27 71/57/27
f 1288/58/28 1287/57/28 72/57/28 74/58/28
f 1288/58/5 1285/86/5 109/86/5 73/58/5
f 1285/86/6 1288/58/6 74/58/6 110/86/6
f 1289/87/1 1290/88/1 105/88/1 107/87/1
f 1290/88/2 1289/87/2 108/87/2 106/88/2
f 1290/88/7 1291/56/7 69/56/7 105/88/7
f 1291/56/8 1290/88/8 106/88/8 70/56/8
f 1291/56/27 1292/57/27 71/57/27 69/56/27
f 1292/57/28 1291/56/28 70/56/28 72/57/28
f 1292/57/5 1289/87/5 107/87/5 71/57/5
f 1289/87/6 1292/57/6 72/57/6 108/87/6
f 1293/88/1 1294/89/1 103/89/1 105/88/1
f 1294/89/2 1293/88/2 106/88/2 104/89/2
f 1294/89/7 1295/55/7 67/55/7 103/89/7
f 1295/55/8 1294/89/8 104/89/8 68/55/8
f 1295/55/27 1296/56/27 69/56/27 67/55/27
f 1296/56/28 1295/55/28 68/55/28 70/56/28
f 1296/56/5 1293/88/5 105/88/5 69/56/5
f 1293/88/6 1296/56/6 70/56/6 106/88/6
f 1297/89/1 1298/90/1 101/90/1 103/89/1
f 1298/90/2 1297/89/2 104/89/2 102/90/2
f 1298/90/7 1299/54/7 65/54/7 101/90/7
f 1299/54/8 1298/90/8 102/90/8 66/54/8
f 1299/54/27 1300/55/27 67/55/27 65/54/27
f 1300/55/28 1299/54/28 66/54/28 68/55/28
f 1300/55/5 1297/89/5 103/89/5 67/55/5
f 1297/89/6 1300/55/6 68/55/6 104/89/6
f 1301/90/1 1302/91/1 99/91/1 101/90/1
f 1302/91/2 1301/90/2 102/90/2 100/91/2
f 1302/91/7 1303/53/7 63/53/7 99/91/7
f 1303/53/8 1302/91/8 100/91/8 64/53/8
f 1303/53/27 1304/54/27 65/54/27 63/53/27
f 1304/54/28 1303/53/28 64/53/28 66/54/28
f 1304/54/5 1301/90/5 101/90/5 65/54/5
f 1301/90/6 1304/54/6 66/54/6 102/90/6
f 1305/91/1 1306/92/1 97/92/1 99/91/1
f 1306/92/2 1305/91/2 100/91/2 98/92/2
f 1306/92/7 1307/50/7 61/50/7 97/92/7
f 1307/50/8 1306/92/8 98/92/8 62/50/8
f 1307/50/27 1308/53/27 63/53/27 61/50/27
f 1308/53/28 1307/50/28 62/50/28 64/53/28
f 1308/53/5 1305/91/5 99/91/5 63/53/5
f 1305/91/6 1308/53/6 64/53/6 100/91/6
f 1309/92/1 1310/93/1 895/93/1 97/92/1
f 1310/93/2 1309/92/2 98/92/2 896/93/2
f 1310/93/29 1311/51/29 979/51/29 895/93/29
f 1311/51/30 1310/93/30 896/93/30 980/51/30
f 1311/51/27 1312/50/27 61/50/27 979/51/27
f 1312/50/28 1311/51/28 980/51/28 62/50/28
f 1312/50/5 1309/92/5 97/92/5 61/50/5
f 1309/92/6 1312/50/6 62/50/6 98/92/6
f 1313/94/1 1314/95/1 941/95/1 135/94/1
f 1314/95/2 1313/94/2 136/94/2 942/95/2
f 1314/95/35 1315/93/35 895/93/35 941/95/35
f 1315/93/36 1314/95/36 942/95/36 896/93/36
f 1315/93/27 1316/92/27 97/92/27 895/93/27
f 1316/92/28 1315/93/28 896/93/28 98/92/28
f 1316/92/5 1313/94/5 135/94/5 97/92/5
f 1313/94/6 1316/92/6 98/92/6 136/94/6
f 1317/96/1 1318/94/1 135/94/1 137/96/1
f 1318/94/2 1317/96/2 138/96/2 136/94/2
f 1318/94/7 1319/92/7 97/92/7 135/94/7
f 1319/92/8 1318/94/8 136/94/8 98/92/8
f 1319/92/27 1320/91/27 99/91/27 97/92/27
f 1320/91/28 1319/92/28 98/92/28 100/91/28
f 1320/91/5 1317/96/5 137/96/5 99/91/5
f 1317/96/6 1320/91/6 100/91/6 138/96/6
f 1321/97/1 1322/96/1 137/96/1 139/97/1
f 1322/96/2 1321/97/2 140/97/2 138/96/2
f 1322/96/7 1323/91/7 99/91/7 137/96/7
f 1323/91/8 1322/96/8 138/96/8 100/91/8
f 1323/91/27 1324/90/27 101/90/27 99/91/27
f 1324/90/28 1323/91/28 100/91/28 102/90/28
f 1324/90/5 1321/97/5 139/97/5 101/90/5
f 1321/97/6 1324/90/6 102/90/6 140/97/6
f 1325/98/1 1326/97/1 139/97/1 141/98/1
f 1326/97/2 1325/98/2 142/98/2 140/97/2
f 1326/97/7 1327/90/7 101/90/7 139/97/7
f 1327/90/8 1326/97/8 140/97/8 102/90/8
f 1327/90/27 1328/89/27 103/89/27 101/90/27
f 1328/89/28 1327/90/28 102/90/28 104/89/28
f 1328/89/5 1325/98/5 141/98/5 103/89/5
f 1325/98/6 1328/89/6 104/89/6 142/98/6
f 1329/99/1 1330/98/1 141/98/1 143/99/1
f 1330/98/2 1329/99/2 144/99/2 142/98/2
f 1330/98/7 1331/89/7 103/89/7 141/98/7
f 1331/89/8 1330/98/8 142/98/8 104/89/8
f 1331/89/27 1332/88/27 105/88/27 103/89/27
f 1332/88/28 1331/89/28 104/89/28 106/88/28
f 1332/88/5 1329/99/5 143/99/5 105/88/5
f 1329/99/6 1332/88/6 106/88/6 144/99/6
f 1333/100/1 1334/99/1 143/99/1 145/100/1
f 1334/99/2 1333/100/2 146/100/2 144/99/2
f 1334/99/7 1335/88/7 105/88/7 143/99/7
f 1335/88/8 1334/99/8 144/99/8 106/88/8
f 1335/88/27 1336/87/27 107/87/27 105/88/27
f 1336/87/28 1335/88/28 106/88/28 108/87/28
f 1336/87/5 1333/100/5 145/100/5 107/87/5
f 1333/100/6 1336/87/6 108/87/6 146/100/6
f 1337/101/1 1338/100/1 145/100/1 147/101/1
f 1338/100/2 1337/101/2 148/101/2 146/100/2
f 1338/100/7 1339/87/7 107/87/7 145/100/7
f 1339/87/8 1338/100/8 146/100/8 108/87/8
f 1339/87/27 1340/86/27 109/86/27 107/87/27
f 1340/86/28 1339/87/28 108/87/28 110/86/28
f 1340/86/5 1337/101/5 147/101/5 109/86/5
f 1337/101/6 1340/86/6 110/86/6 148/101/6
f 1341/102/1 1342/101/1 147/101/1 149/102/1
f 1342/101/2 1341/102/2 150/102/2 148/101/2
f 1342/101/7 1343/86/7 109/86/7 147/101/7
f 1343/86/8 1342/101/8 148/101/8 110/86/8
f 1343/86/27 1344/85/27 111/85/27 109/86/27
f 1344/85/28 1343/86/28 110/86/28 112/85/28
f 1344/85/5 1341/102/5 149/102/5 111/85/5
f 1341/102/6 1344/85/6 112/85/6 150/102/6
f 1345/103/1 1346/102/1 149/102/1 151/103/1
f 1346/102/2 1345/103/2 152/103/2 150/102/2
f 1346/102/7 1347/85/7 111/85/7 149/102/7
f 1347/85/8 1346/102/8 150/102/8 112/85/8
f 1347/85/27 1348/84/27 113/84/27 111/85/27
f 1348/84/28 1347/85/28 112/85/28 114/84/28
f 1348/84/5 1345/103/5 151/103/5 113/84/5
f 1345/103/6 1348/84/6 114/84/6 152/103/6
f 1349/104/1 1350/103/1 151/103/1 153/104/1
f 1350/103/2 1349/104/2 154/104/2 152/103/2
f 1350/103/7 1351/84/7 113/84/7 151/103/7
f 1351/84/8 1350/103/8 152/103/8 114/84/8
f 1351/84/27 1352/83/27 115/83/27 113/84/27
f 1352/83/28 1351/84/28 114/84/28 116/83/28
f 1352/83/5 1349/104/5 153/104/5 115/83/5
f 1349/104/6 1352/83/6 116/83/6 154/104/6
f 1353/105/1 1354/104/1 153/104/1 155/105/1
f 1354/104/2 1353/105/2 156/105/2 154/104/2
f 1354/104/7 1355/83/7 115/83/7 153/104/7
f 1355/83/8 1354/104/8 154/104/8 116/83/8
f 1355/83/27 1356/82/27 117/82/27 115/83/27
f 1356/82/28 1355/83/28 116/83/28 118/82/28
f 1356/82/5 1353/105/5 155/105/5 117/82/5
f 1353/105/6 1356/82/6 118/82/6 156/105/6
f 1357/106/1 1358/105/1 155/105/1 157/106/1
f 1358/105/2 1357/106/2 158/106/2 156/105/2
f 1358/105/7 1359/82/7 117/82/7 155/105/7
f 1359/82/8 1358/105/8 156/105/8 118/82/8
f 1359/82/27 1360/81/27 119/81/27 117/82/27
f 1360/81/28 1359/82/28 118/82/28 120/81/28
f 1360/81/5 1357/106/5 157/106/5 119/81/5
f 1357/106/6 1360/81/6 120/81/6 158/106/6
f 1361/107/1 1362/106/1 157/106/1 159/107/1
f 1362/106/2 1361/107/2 160/107/2 158/106/2
f 1362/106/7 1363/81/7 119/81/7 157/106/7
f 1363/81/8 1362/106/8 158/106/8 120/81/8
f 1363/81/27 1364/80/27 121/80/27 119/81/27
f 1364/80/28 1363/81/28 120/81/28 122/80/28
f 1364/80/5 1361/107/5 159/107/5 121/80/5
f 1361/107/6 1364/80/6 122/80/6 160/107/6
f 1365/108/1 1366/107/1 159/107/1 161/108/1
f 1366/107/2 1365/108/2 162/108/2 160/107/2
f 1366/107/7 1367/80/7 121/80/7 159/107/7
f 1367/80/8 1366/107/8 160/107/8 122/80/8
f 1367/80/27 1368/79/27 123/79/27 121/80/27
f 1368/79/28 1367/80/28 122/80/28 124/79/28
f 1368/79/5 1365/108/5 161/108/5 123/79/5
f 1365/108/6 1368/79/6 124/79/6 162/108/6
f 1369/109/1 1370/108/1 161/108/1 163/109/1
f 1370/108/2 1369/109/2 164/109/2 162/108/2
f 1370/108/7 1371/79/7 123/79/7 161/108/7
f 1371/79/8 1370/108/8 162/108/8 124/79/8
f 1371/79/27 1372/78/27 125/78/27 123/79/27
f 1372/78/28 1371/79/28 124/79/28 126/78/28
f 1372/78/5 1369/109/5 163/109/5 125/78/5
f 1369/109/6 1372/78/6 126/78/6 164/109/6
f 1373/110/1 1374/109/1 163/109/1 165/110/1
f 1374/109/2 1373/110/2 166/110/2 164/109/2
f 1374/109/7 1375/78/7 125/78/7 163/109/7
f 1375/78/8 1374/109/8 164/109/8 126/78/8
f 1375/78/27 1376/77/27 127/77/27 125/78/27
f 1376/77/28 1375/78/28 126/78/28 128/77/28
f 1376/77/5 1373/110/5 165/110/5 127/77/5
f 1373/110/6 1376/77/6 128/77/6 166/110/6
f 1377/111/1 1378/110/1 165/110/1 167/111/1
f 1378/110/2 1377/111/2 168/111/2 166/110/2
f 1378/110/7 1379/77/7 127/77/7 165/110/7
f 1379/77/8 1378/110/8 166/110/8 128/77/8
f 1379/77/27 1380/76/27 129/76/27 127/77/27
f 1380/76/28 1379/77/28 128/77/28 130/76/28
f 1380/76/5 1377/111/5 167/111/5 129/76/5
f 1377/111/6 1380/76/6 130/76/6 168/111/6
f 1381/112/1 1382/111/1 167/111/1 169/112/1
f 1382/111/2 1381/112/2 170/112/2 168/111/2
f 1382/111/7 1383/76/7 129/76/7 167/111/7
f 1383/76/8 1382/111/8 168/111/8 130/76/8
f 1383/76/27 1384/73/27 131/73/27 129/76/27
f 1384/73/28 1383/76/28 130/76/28 132/73/28
f 1384/73/5 1381/112/5 169/112/5 131/73/5
f 1381/112/6 1384/73/6 132/73/6 170/112/6
f 1385/113/1 1386/112/1 169/112/1 171/113/1
f 1386/112/2 1385/113/2 172/113/2 170/112/2
f 1386/112/7 1387/73/7 131/73/7 169/112/7
f 1387/73/8 1386/112/8 170/112/8 132/73/8
f 1387/73/27 1388/72/27 133/72/27 131/73/27
f 1388/72/28 1387/73/28 132/73/28 134/72/28
f 1388/72/5 1385/113/5 171/113/5 133/72/5
f 1385/113/6 1388/72/6 134/72/6 172/113/6
f 1389/114/1 1390/113/1 171/113/1 173/114/1
f 1390/113/2 1389/114/2 174/114/2 172/113/2
f 1390/113/7 1391/72/7 133/72/7 171/113/7
f 1391/72/8 1390/113/8 172/113/8 134/72/8
f 1391/72/27 1392/115/27 953/115/27 133/72/27
f 1392/115/28 1391/72/28 134/72/28 954/115/28
f 1392/115/37 1393/116/37 889/116/37 953/115/37
f 1393/116/38 1392/115/38 954/115/38 890/116/38
f 1393/116/5 1389/114/5 173/114/5 889/116/5
f 1389/114/6 1393/116/6 890/116/6 174/114/6
f 1394/117/1 1395/118/1 213/118/1 215/117/1
f 1395/118/2 1394/117/2 216/117/2 214/118/2
f 1395/118/7 1396/114/7 173/114/7 213/118/7
f 1396/114/8 1395/118/8 214/118/8 174/114/8
f 1396/114/27 1397/119/27 957/119/27 173/114/27
f 1397/119/28 1396/114/28 174/114/28 958/119/28
f 1397/119/39 1398/120/39 877/120/39 957/119/39
f 1398/120/40 1397/119/40 958/119/40 878/120/40
f 1398/120/5 1394/117/5 215/117/5 877/120/5
f 1394/117/6 1398/120/6 878/120/6 216/117/6
f 1399/118/1 1400/121/1 211/121/1 213/118/1
f 1400/121/2 1399/118/2 214/118/2 212/121/2
f 1400/121/7 1401/113/7 171/113/7 211/121/7
f 1401/113/8 1400/121/8 212/121/8 172/113/8
f 1401/113/27 1402/114/27 173/114/27 171/113/27
f 1402/114/28 1401/113/28 172/113/28 174/114/28
f 1402/114/5 1399/118/5 213/118/5 173/114/5
f 1399/118/6 1402/114/6 174/114/6 214/118/6
f 1403/121/1 1404/122/1 209/122/1 211/121/1
f 1404/122/2 1403/121/2 212/121/2 210/122/2
f 1404/122/7 1405/112/7 169/112/7 209/122/7
f 1405/112/8 1404/122/8 210/122/8 170/112/8
f 1405/112/27 1406/113/27 171/113/27 169/112/27
f 1406/113/28 1405/112/28 170/112/28 172/113/28
f 1406/113/5 1403/121/5 211/121/5 171/113/5
f 1403/121/6 1406/113/6 172/113/6 212/121/6
f 1407/122/1 1408/123/1 207/123/1 209/122/1
f 1408/123/2 1407/122/2 210/122/2 208/123/2
f 1408/123/7 1409/111/7 167/111/7 207/123/7
f 1409/111/8 1408/123/8 208/123/8 168/111/8
f 1409/111/27 1410/112/27 169/112/27 167/111/27
f 1410/112/28 1409/111/28 168/111/28 170/112/28
f 1410/112/5 1407/122/5 209/122/5 169/112/5
f 1407/122/6 1410/112/6 170/112/6 210/122/6
f 1411/123/1 1412/124/1 205/124/1 207/123/1
f 1412/124/2 1411/123/2 208/123/2 206/124/2
f 1412/124/7 1413/110/7 165/110/7 205/124/7
f 1413/110/8 1412/124/8 206/124/8 166/110/8
f 1413/110/27 1414/111/27 167/111/27 165/110/27
f 1414/111/28 1413/110/28 166/110/28 168/111/28
f 1414/111/5 1411/123/5 207/123/5 167/111/5
f 1411/123/6 1414/111/6 168/111/6 208/123/6
f 1415/124/1 1416/125/1 203/125/1 205/124/1
f 1416/125/2 1415/124/2 206/124/2 204/125/2
f 1416/125/7 1417/109/7 163/109/7 203/125/7
f 1417/109/8 1416/125/8 204/125/8 164/109/8
f 1417/109/27 1418/110/27 165/110/27 163/109/27
f 1418/110/28 1417/109/28 164/109/28 166/110/28
f 1418/110/5 1415/124/5 205/124/5 165/110/5
f 1415/124/6 1418/110/6 166/110/6 206/124/6
f 1419/125/1 1420/126/1 201/126/1 203/125/1
f 1420/126/2 1419/125/2 204/125/2 202/126/2
f 1420/126/7 1421/108/7 161/108/7 201/126/7
f 1421/108/8 1420/126/8 202/126/8 162/108/8
f 1421/108/27 1422/109/27 163/109/27 161/108/27
f 1422/109/28 1421/108/28 162/108/28 164/109/28
f 1422/109/5 1419/125/5 203/125/5 163/109/5
f 1419/125/6 1422/109/6 164/109/6 204/125/6
f 1423/126/1 1424/127/1 199/127/1 201/126/1
f 1424/127/2 1423/126/2 202/126/2 200/127/2
f 1424/127/7 1425/107/7 159/107/7 199/127/7
f 1425/107/8 1424/127/8 200/127/8 160/107/8
f 1425/107/27 1426/108/27 161/108/27 159/107/27
f 1426/108/28 1425/107/28 160/107/28 162/108/28
f 1426/108/5 1423/126/5 201/126/5 161/108/5
f 1423/126/6 1426/108/6 162/108/6 202/126/6
f 1427/127/1 1428/128/1 197/128/1 199/127/1
f 1428/128/2 1427/127/2 200/127/2 198/128/2
f 1428/128/7 1429/106/7 157/106/7 197/128/7
f 1429/106/8 1428/128/8 198/128/8 158/106/8
f 1429/106/27 1430/107/27 159/107/27 157/106/27
f 1430/107/28 1429/106/28 158/106/28 160/107/28
f 1430/107/5 1427/127/5 199/127/5 159/107/5
f 1427/127/6 1430/107/6 160/107/6 200/127/6
f 1431/128/1 1432/129/1 195/129/1 197/128/1
f 1432/129/2 1431/128/2 198/128/2 196/129/2
f 1432/129/7 1433/105/7 155/105/7 195/129/7
f 1433/105/8 1432/129/8 196/129/8 156/105/8
f 1433/105/27 1434/106/27 157/106/27 155/105/27
f 1434/106/28 1433/105/28 156/105/28 158/106/28
f 1434/106/5 1431/128/5 197/128/5 157/106/5
f 1431/128/6 1434/106/6 158/106/6 198/128/6
f 1435/129/1 1436/130/1 193/130/1 195/129/1
f 1436/130/2 1435/129/2 196/129/2 194/130/2
f 1436/130/7 1437/104/7 153/104/7 193/130/7
f 1437/104/8 1436/130/8 194/130/8 154/104/8
f 1437/104/27 1438/105/27 155/105/27 153/104/27
f 1438/105/28 1437/104/28 154/104/28 156/105/28
f 1438/105/5 1435/129/5 195/129/5 155/105/5
f 1435/129/6 1438/105/6 156/105/6 196/129/6
f 1439/130/1 1440/131/1 191/131/1 193/130/1
f 1440/131/2 1439/130/2 194/130/2 192/131/2
f 1440/131/7 1441/103/7 151/103/7 191/131/7
f 1441/103/8 1440/131/8 192/131/8 152/103/8
f 1441/103/27 1442/104/27 153/104/27 151/103/27
f 1442/104/28 1441/103/28 152/103/28 154/104/28
f 1442/104/5 1439/130/5 193/130/5 153/104/5
f 1439/130/6 1442/104/6 154/104/6 194/130/6
f 1443/131/1 1444/132/1 189/132/1 191/131/1
f 1444/132/2 1443/131/2 192/131/2 190/132/2
f 1444/132/7 1445/102/7 149/102/7 189/132/7
f 1445/102/8 1444/132/8 190/132/8 150/102/8
f 1445/102/27 1446/103/27 151/103/27 149/102/27
f 1446/103/28 1445/102/28 150/102/28 152/103/28
f 1446/103/5 1443/131/5 191/131/5 151/103/5
f 1443/131/6 1446/103/6 152/103/6 192/131/6
f 1447/132/1 1448/133/1 187/133/1 189/132/1
f 1448/133/2 1447/132/2 190/132/2 188/133/2
f 1448/133/7 1449/101/7 147/101/7 187/133/7
f 1449/101/8 1448/133/8 188/133/8 148/101/8
f 1449/101/27 1450/102/27 149/102/27 147/101/27
f 1450/102/28 1449/101/28 148/101/28 150/102/28
f 1450/102/5 1447/132/5 189/132/5 149/102/5
f 1447/132/6 1450/102/6 150/102/6 190/132/6
f 1451/133/1 1452/134/1 185/134/1 187/133/1
f 1452/134/2 1451/133/2 188/133/2 186/134/2
f 1452/134/7 1453/100/7 145/100/7 185/134/7
f 1453/100/8 1452/134/8 186/134/8 146/100/8
f 1453/100/27 1454/101/27 147/101/27 145/100/27
f 1454/101/28 1453/100/28 146/100/28 148/101/28
f 1454/101/5 1451/133/5 187/133/5 147/101/5
f 1451/133/6 1454/101/6 148/101/6 188/133/6
f 1455/134/1 1456/135/1 183/135/1 185/134/1
f 1456/135/2 1455/134/2 186/134/2 184/135/2
f 1456/135/7 1457/99/7 143/99/7 183/135/7
f 1457/99/8 1456/135/8 184/135/8 144/99/8
f 1457/99/27 1458/100/27 145/100/27 143/99/27
f 1458/100/28 1457/99/28 144/99/28 146/100/28
f 1458/100/5 1455/134/5 185/134/5 145/100/5
f 1455/134/6 1458/100/6 146/100/6 186/134/6
f 1459/135/1 1460/136/1 181/136/1 183/135/1
f 1460/136/2 1459/135/2 184/135/2 182/136/2
f 1460/136/7 1461/98/7 141/98/7 181/136/7
f 1461/98/8 1460/136/8 182/136/8 142/98/8
f 1461/98/27 1462/99/27 143/99/27 141/98/27
f 1462/99/28 1461/98/28 142/98/28 144/99/28
f 1462/99/5 1459/135/5 183/135/5 143/99/5
f 1459/135/6 1462/99/6 144/99/6 184/135/6
f 1463/136/1 1464/137/1 179/137/1 181/136/1
f 1464/137/2 1463/136/2 182/136/2 180/137/2
f 1464/137/7 1465/97/7 139/97/7 179/137/7
f 1465/97/8 1464/137/8 180/137/8 140/97/8
f 1465/97/27 1466/98/27 141/98/27 139/97/27
f 1466/98/28 1465/97/28 140/97/28 142/98/28
f 1466/98/5 1463/136/5 181/136/5 141/98/5
f 1463/136/6 1466/98/6 142/98/6 182/136/6
f 1467/137/1 1468/138/1 177/138/1 179/137/1
f 1468/138/2 1467/137/2 180/137/2 178/138/2
f 1468/138/7 1469/96/7 137/96/7 177/138/7
f 1469/96/8 1468/138/8 178/138/8 138/96/8
f 1469/96/27 1470/97/27 139/97/27 137/96/27
f 1470/97/28 1469/96/28 138/96/28 140/97/28
f 1470/97/5 1467/137/5 179/137/5 139/97/5
f 1467/137/6 1470/97/6 140/97/6 180/137/6
f 1471/138/1 1472/139/1 175/139/1 177/138/1
f 1472/139/2 1471/138/2 178/138/2 176/139/2
f 1472/139/7 1473/94/7 135/94/7 175/139/7
f 1473/94/8 1472/139/8 176/139/8 136/94/8
f 1473/94/27 1474/96/27 137/96/27 135/94/27
f 1474/96/28 1473/94/28 136/94/28 138/96/28
f 1474/96/5 1471/138/5 177/138/5 137/96/5
f 1471/138/6 1474/96/6 138/96/6 178/138/6
f 1475/139/1 1476/140/1 859/140/1 175/139/1
f 1476/140/2 1475/139/2 176/139/2 860/140/2
f 1476/140/35 1477/95/35 941/95/35 859/140/35
f 1477/95/36 1476/140/36 860/140/36 942/95/36
f 1477/95/27 1478/94/27 135/94/27 941/95/27
f 1478/94/28 1477/95/28 942/95/28 136/94/28
f 1478/94/5 1475/139/5 175/139/5 135/94/5
f 1475/139/6 1478/94/6 136/94/6 176/139/6
f 1479/141/1 1480/142/1 903/142/1 217/141/1
f 1480/142/2 1479/141/2 218/141/2 904/142/2
f 1480/142/41 1481/140/41 859/140/41 903/142/41
f 1481/140/42 1480/142/42 904/142/42 860/140/42
f 1481/140/27 1482/139/27 175/139/27 859/140/27
f 1482/139/28 1481/140/28 860/140/28 176/139/28
f 1482/139/5 1479/141/5 217/141/5 175/139/5
f 1479/141/6 1482/139/6 176/139/6 218/141/6
f 1483/143/1 1484/141/1 217/141/1 219/143/1
f 1484/141/2 1483/143/2 220/143/2 218/141/2
f 1484/141/7 1485/139/7 175/139/7 217/141/7
f 1485/139/8 1484/141/8 218/141/8 176/139/8
f 1485/139/27 1486/138/27 177/138/27 175/139/27
f 1486/138/28 1485/139/28 176/139/28 178/138/28
f 1486/138/5 1483/143/5 219/143/5 177/138/5
f 1483/143/6 1486/138/6 178/138/6 220/143/6
f 1487/144/1 1488/143/1 219/143/1 221/144/1
f 1488/143/2 1487/144/2 222/144/2 220/143/2
f 1488/143/7 1489/138/7 177/138/7 219/143/7
f 1489/138/8 1488/143/8 220/143/8 178/138/8
f 1489/138/27 1490/137/27 179/137/27 177/138/27
f 1490/137/28 1489/138/28 178/138/28 180/137/28
f 1490/137/5 1487/144/5 221/144/5 179/137/5
f 1487/144/6 1490/137/6 180/137/6 222/144/6
f 1491/145/1 1492/144/1 221/144/1 223/145/1
f 1492/144/2 1491/145/2 224/145/2 222/144/2
f 1492/144/7 1493/137/7 179/137/7 221/144/7
f 1493/137/8 1492/144/8 222/144/8 180/137/8
f 1493/137/27 1494/136/27 181/136/27 179/137/27
f 1494/136/28 1493/137/28 180/137/28 182/136/28
f 1494/136/5 1491/145/5 223/145/5 181/136/5
f 1491/145/6 1494/136/6 182/136/6 224/145/6
f 1495/146/1 1496/145/1 223/145/1 225/146/1
f 1496/145/2 1495/146/2 226/146/2 224/145/2
f 1496/145/7 1497/136/7 181/136/7 223/145/7
f 1497/136/8 1496/145/8 224/145/8 182/136/8
f 1497/136/27 1498/135/27 183/135/27 181/136/27
f 1498/135/28 1497/136/28 182/136/28 184/135/28
f 1498/135/5 1495/146/5 225/146/5 183/135/5
f 1495/146/6 1498/135/6 184/135/6 226/146/6
f 1499/147/1 1500/146/1 225/146/1 227/147/1
f 1500/146/2 1499/147/2 228/147/2 226/146/2
f 1500/146/7 1501/135/7 183/135/7 225/146/7
f 1501/135/8 1500/146/8 226/146/8 184/135/8
f 1501/135/27 1502/134/27 185/134/27 183/135/27
f 1502/134/28 1501/135/28 184/135/28 186/134/28
f 1502/134/5 1499/147/5 227/147/5 185/134/5
f 1499/147/6 1502/134/6 186/134/6 228/147/6
f 1503/148/1 1504/147/1 227/147/1 229/148/1
f 1504/147/2 1503/148/2 230/148/2 228/147/2
f 1504/147/7 1505/134/7 185/134/7 227/147/7
f 1505/134/8 1504/147/8 228/147/8 186/134/8
f 1505/134/27 1506/133/27 187/133/27 185/134/27
f 1506/133/28 1505/134/28 186/134/28 188/133/28
f 1506/133/5 1503/148/5 229/148/5 187/133/5
f 1503/148/6 1506/133/6 188/133/6 230/148/6
f 1507/149/1 1508/148/1 229/148/1 231/149/1
f 1508/148/2 1507/149/2 232/149/2 230/148/2
f 1508/148/7 1509/133/7 187/133/7 229/148/7
f 1509/133/8 1508/148/8 230/148/8 188/133/8
f 1509/133/27 1510/132/27 189/132/27 187/133/27
f 1510/132/28 1509/133/28 188/133/28 190/132/28
f 1510/132/5 1507/149/5 231/149/5 189/132/5
f 1507/149/6 1510/132/6 190/132/6 232/149/6
f 1511/150/1 1512/149/1 231/149/1 233/150/1
f 1512/149/2 1511/150/2 234/150/2 232/149/2
f 1512/149/7 1513/132/7 189/132/7 231/149/7
f 1513/132/8 1512/149/8 232/149/8 190/132/8
f 1513/132/27 1514/131/27 191/131/27 189/132/27
f 1514/131/28 1513/132/28 190/132/28 192/131/28
f 1514/131/5 1511/150/5 233/150/5 191/131/5
f 1511/150/6 1514/131/6 192/131/6 234/150/6
f 1515/151/1 1516/150/1 233/150/1 235/151/1
f 1516/150/2 1515/151/2 236/151/2 234/150/2
f 1516/150/7 1517/131/7 191/131/7 233/150/7
f 1517/131/8 1516/150/8 234/150/8 192/131/8
f 1517/131/27 1518/130/27 193/130/27 191/131/27
f 1518/130/28 1517/131/28 192/131/28 194/130/28
f 1518/130/5 1515/151/5 235/151/5 193/130/5
f 1515/151/6 1518/130/6 194/130/6 236/151/6
f 1519/152/1 1520/151/1 235/151/1 237/152/1
f 1520/151/2 1519/152/2 238/152/2 236/151/2
f 1520/151/7 1521/130/7 193/130/7 235/151/7
f 1521/130/8 1520/151/8 236/151/8 194/130/8
f 1521/130/27 1522/129/27 195/129/27 193/130/27
f 1522/129/28 1521/130/28 194/130/28 196/129/28
f 1522/129/5 1519/152/5 237/152/5 195/129/5
f 1519/152/6 1522/129/6 196/129/6 238/152/6
f 1523/153/1 1524/152/1 237/152/1 239/153/1
f 1524/152/2 1523/153/2 240/153/2 238/152/2
f 1524/152/7 1525/129/7 195/129/7 237/152/7
f 1525/129/8 1524/152/8 238/152/8 196/129/8
f 1525/129/27 1526/128/27 197/128/27 195/129/27
f 1526/128/28 1525/129/28 196/129/28 198/128/28
f 1526/128/5 1523/153/5 239/153/5 197/128/5
f 1523/153/6 1526/128/6 198/128/6 240/153/6
f 1527/154/1 1528/153/1 239/153/1 241/154/1
f 1528/153/2 1527/154/2 242/154/2 240/153/2
f 1528/153/7 1529/128/7 197/128/7 239/153/7
f 1529/128/8 1528/153/8 240/153/8 198/128/8
f 1529/128/27 1530/127/27 199/127/27 197/128/27
f 1530/127/28 1529/128/28 198/128/28 200/127/28
f 1530/127/5 1527/154/5 241/154/5 199/127/5
f 1527/154/6 1530/127/6 200/127/6 242/154/6
f 1531/155/1 1532/154/1 241/154/1 243/155/1
f 1532/154/2 1531/155/2 244/155/2 242/154/2
f 1532/154/7 1533/127/7 199/127/7 241/154/7
f 1533/127/8 1532/154/8 242/154/8 200/127/8
f 1533/127/27 1534/126/27 201/126/27 199/127/27
f 1534/126/28 1533/127/28 200/127/28 202/126/28
f 1534/126/5 1531/155/5 243/155/5 201/126/5
f 1531/155/6 1534/126/6 202/126/6 244/155/6
f 1535/156/1 1536/155/1 243/155/1 245/156/1
f 1536/155/2 1535/156/2 246/156/2 244/155/2
f 1536/155/7 1537/126/7 201/126/7 243/155/7
f 1537/126/8 1536/155/8 244/155/8 202/126/8
f 1537/126/27 1538/125/27 203/125/27 201/126/27
f 1538/125/28 1537/126/28 202/126/28 204/125/28
f 1538/125/5 1535/156/5 245/156/5 203/125/5
f 1535/156/6 1538/125/6 204/125/6 246/156/6
f 1539/157/1 1540/156/1 245/156/1 247/157/1
f 1540/156/2 1539/157/2 248/157/2 246/156/2
f 1540/156/7 1541/125/7 203/125/7 245/156/7
f 1541/125/8 1540/156/8 246/156/8 204/125/8
f 1541/125/27 1542/124/27 205/124/27 203/125/27
f 1542/124/28 1541/125/28 204/125/28 206/124/28
f 1542/124/5 1539/157/5 247/157/5 205/124/5
f 1539/157/6 1542/124/6 206/124/6 248/157/6
f 1543/158/1 1544/157/1 247/157/1 249/158/1
f 1544/157/2 1543/158/2 250/158/2 248/157/2
f 1544/157/7 1545/124/7 205/124/7 247/157/7
f 1545/124/8 1544/157/8 248/157/8 206/124/8
f 1545/124/27 1546/123/27 207/123/27 205/124/27
f 1546/123/28 1545/124/28 206/124/28 208/123/28
f 1546/123/5 1543/158/5 249/158/5 207/123/5
f 1543/158/6 1546/123/6 208/123/6 250/158/6
f 1547/159/1 1548/158/1 249/158/1 251/159/1
f 1548/158/2 1547/159/2 252/159/2 250/158/2
f 1548/158/7 1549/123/7 207/123/7 249/158/7
f 1549/123/8 1548/158/8 250/158/8 208/123/8
f 1549/123/27 1550/122/27 209/122/27 207/123/27
f 1550/122/28 1549/123/28 208/123/28 210/122/28
f 1550/122/5 1547/159/5 251/159/5 209/122/5
f 1547/159/6 1550/122/6 210/122/6 252/159/6
f 1551/160/1 1552/159/1 251/159/1 253/160/1
f 1552/159/2 1551/160/2 254/160/2 252/159/2
f 1552/159/7 1553/122/7 209/122/7 251/159/7
f 1553/122/8 1552/159/8 252/159/8 210/122/8
f 1553/122/27 1554/121/27 211/121/27 209/122/27
f 1554/121/28 1553/122/28 210/122/28 212/121/28
f 1554/121/5 1551/160/5 253/160/5 211/121/5
f 1551/160/6 1554/121/6 212/121/6 254/160/6
f 1555/161/1 1556/160/1 253/160/1 255/161/1
f 1556/160/2 1555/161/2 256/161/2 254/160/2
f 1556/160/7 1557/121/7 211/121/7 253/160/7
f 1557/121/8 1556/160/8 254/160/8 212/121/8
f 1557/121/27 1558/118/27 213/118/27 211/121/27
f 1558/118/28 1557/121/28 212/121/28 214/118/28
f 1558/118/5 1555/161/5 255/161/5 213/118/5
f 1555/161/6 1558/118/6 214/118/6 256/161/6
f 1559/162/1 1560/161/1 255/161/1 257/162/1
f 1560/161/2 1559/162/2 258/162/2 256/161/2
f 1560/161/7 1561/118/7 213/118/7 255/161/7
f 1561/118/8 1560/161/8 256/161/8 214/118/8
f 1561/118/27 1562/117/27 215/117/27 213/118/27
f 1562/117/28 1561/118/28 214/118/28 216/117/28
f 1562/117/5 1559/162/5 257/162/5 215/117/5
f 1559/162/6 1562/117/6 216/117/6 258/162/6
f 1563/163/1 1564/164/1 297/164/1 299/163/1
f 1564/164/2 1563/163/2 300/163/2 298/164/2
f 1564/164/7 1565/161/7 255/161/7 297/164/7
f 1565/161/8 1564/164/8 298/164/8 256/161/8
f 1565/161/27 1566/162/27 257/162/27 255/161/27
f 1566/162/28 1565/161/28 256/161/28 258/162/28
f 1566/162/5 1563/163/5 299/163/5 257/162/5
f 1563/163/6 1566/162/6 258/162/6 300/163/6
f 1567/164/1 1568/165/1 295/165/1 297/164/1
f 1568/165/2 1567/164/2 298/164/2 296/165/2
f 1568/165/7 1569/160/7 253/160/7 295/165/7
f 1569/160/8 1568/165/8 296/165/8 254/160/8
f 1569/160/27 1570/161/27 255/161/27 253/160/27
f 1570/161/28 1569/160/28 254/160/28 256/161/28
f 1570/161/5 1567/164/5 297/164/5 255/161/5
f 1567/164/6 1570/161/6 256/161/6 298/164/6
f 1571/165/1 1572/166/1 293/166/1 295/165/1
f 1572/166/2 1571/165/2 296/165/2 294/166/2
f 1572/166/7 1573/159/7 251/159/7 293/166/7
f 1573/159/8 1572/166/8 294/166/8 252/159/8
f 1573/159/27 1574/160/27 253/160/27 251/159/27
f 1574/160/28 1573/159/28 252/159/28 254/160/28
f 1574/160/5 1571/165/5 295/165/5 253/160/5
f 1571/165/6 1574/160/6 254/160/6 296/165/6
f 1575/166/1 1576/167/1 291/167/1 293/166/1
f 1576/167/2 1575/166/2 294/166/2 292/167/2
f 1576/167/7 1577/158/7 249/158/7 291/167/7
f 1577/158/8 1576/167/8 292/167/8 250/158/8
f 1577/158/27 1578/159/27 251/159/27 249/158/27
f 1578/159/28 1577/158/28 250/158/28 252/159/28
f 1578/159/5 1575/166/5 293/166/5 251/159/5
f 1575/166/6 1578/159/6 252/159/6 294/166/6
f 1579/167/1 1580/168/1 289/168/1 291/167/1
f 1580/168/2 1579/167/2 292/167/2 290/168/2
f 1580/168/7 1581/157/7 247/157/7 289/168/7
f 1581/157/8 1580/168/8 290/168/8 248/157/8
f 1581/157/27 1582/158/27 249/158/27 247/157/27
f 1582/158/28 1581/157/28 248/157/28 250/158/28
f 1582/158/5 1579/167/5 291/167/5 249/158/5
f 1579/167/6 1582/158/6 250/158/6 292/167/6
f 1583/168/1 1584/169/1 287/169/1 289/168/1
f 1584/169/2 1583/168/2 290/168/2 288/169/2
f 1584/169/7 1585/156/7 245/156/7 287/169/7
f 1585/156/8 1584/169/8 288/169/8 246/156/8
f 1585/156/27 1586/157/27 247/157/27 245/156/27
f 1586/157/28 1585/156/28 246/156/28 248/157/28
f 1586/157/5 1583/168/5 289/168/5 247/157/5
f 1583/168/6 1586/157/6 248/157/6 290/168/6
f 1587/169/1 1588/170/1 285/170/1 287/169/1
f 1588/170/2 1587/169/2 288/169/2 286/170/2
f 1588/170/7 1589/155/7 243/155/7 285/170/7
f 1589/155/8 1588/170/8 286/170/8 244/155/8
f 1589/155/27 1590/156/27 245/156/27 243/155/27
f 1590/156/28 1589/155/28 244/155/28 246/156/28
f 1590/156/5 1587/169/5 287/169/5 245/156/5
f 1587/169/6 1590/156/6 246/156/6 288/169/6
f 1591/170/1 1592/171/1 283/171/1 285/170/1
f 1592/171/2 1591/170/2 286/170/2 284/171/2
f 1592/171/7 1593/154/7 241/154/7 283/171/7
f 1593/154/8 1592/171/8 284/171/8 242/154/8
f 1593/154/27 1594/155/27 243/155/27 241/154/27
f 1594/155/28 1593/154/28 242/154/28 244/155/28
f 1594/155/5 1591/170/5 285/170/5 243/155/5
f 1591/170/6 1594/155/6 244/155/6 286/170/6
f 1595/171/1 1596/172/1 281/172/1 283/171/1
f 1596/172/2 1595/171/2 284/171/2 282/172/2
f 1596/172/7 1597/153/7 239/153/7 281/172/7
f 1597/153/8 1596/172/8 282/172/8 240/153/8
f 1597/153/27 1598/154/27 241/154/27 239/153/27
f 1598/154/28 1597/153/28 240/153/28 242/154/28
f 1598/154/5 1595/171/5 283/171/5 241/154/5
f 1595/171/6 1598/154/6 242/154/6 284/171/6
f 1599/172/1 1600/173/1 279/173/1 281/172/1
f 1600/173/2 1599/172/2 282/172/2 280/173/2
f 1600/173/7 1601/152/7 237/152/7 279/173/7
f 1601/152/8 1600/173/8 280/173/8 238/152/8
f 1601/152/27 1602/153/27 239/153/27 237/152/27
f 1602/153/28 1601/152/28 238/152/28 240/153/28
f 1602/153/5 1599/172/5 281/172/5 239/153/5
f 1599/172/6 1602/153/6 240/153/6 282/172/6
f 1603/173/1 1604/174/1 277/174/1 279/173/1
f 1604/174/2 1603/173/2 280/173/2 278/174/2
f 1604/174/7 1605/151/7 235/151/7 277/174/7
f 1605/151/8 1604/174/8 278/174/8 236/151/8
f 1605/151/27 1606/152/27 237/152/27 235/151/27
f 1606/152/28 1605/151/28 236/151/28 238/152/28
f 1606/152/5 1603/173/5 279/173/5 237/152/5
f 1603/173/6 1606/152/6 238/152/6 280/173/6
f 1607/174/1 1608/175/1 275/175/1 277/174/1
f 1608/175/2 1607/174/2 278/174/2 276/175/2
f 1608/175/7 1609/150/7 233/150/7 275/175/7
f 1609/150/8 1608/175/8 276/175/8 234/150/8
f 1609/150/27 1610/151/27 235/151/27 233/150/27
f 1610/151/28 1609/150/28 234/150/28 236/151/28
f 1610/151/5 1607/174/5 277/174/5 235/151/5
f 1607/174/6 1610/151/6 236/151/6 278/174/6
f 1611/175/1 1612/176/1 273/176/1 275/175/1
f 1612/176/2 1611/175/2 276/175/2 274/176/2
f 1612/176/7 1613/149/7 231/149/7 273/176/7
f 1613/149/8 1612/176/8 274/176/8 232/149/8
f 1613/149/27 1614/150/27 233/150/27 231/149/27
f 1614/150/28 1613/149/28 232/149/28 234/150/28
f 1614/150/5 1611/175/5 275/175/5 233/150/5
f 1611/175/6 1614/150/6 234/150/6 276/175/6
f 1615/176/1 1616/177/1 271/177/1 273/176/1
f 1616/177/2 1615/176/2 274/176/2 272/177/2
f 1616/177/7 1617/148/7 229/148/7 271/177/7
f 1617/148/8 1616/177/8 272/177/8 230/148/8
f 1617/148/27 1618/149/27 231/149/27 229/148/27
f 1618/149/28 1617/148/28 230/148/28 232/149/28
f 1618/149/5 1615/176/5 273/176/5 231/149/5
f 1615/176/6 1618/149/6 232/149/6 274/176/6
f 1619/177/1 1620/178/1 269/178/1 271/177/1
f 1620/178/2 1619/177/2 272/177/2 270/178/2
f 1620/178/7 1621/147/7 227/147/7 269/178/7
f 1621/147/8 1620/178/8 270/178/8 228/147/8
f 1621/147/27 1622/148/27 229/148/27 227/147/27
f 1622/148/28 1621/147/28 228/147/28 230/148/28
f 1622/148/5 1619/177/5 271/177/5 229/148/5
f 1619/177/6 1622/148/6 230/148/6 272/177/6
f 1623/178/1 1624/179/1 267/179/1 269/178/1
f 1624/179/2 1623/178/2 270/178/2 268/179/2
f 1624/179/7 1625/146/7 225/146/7 267/179/7
f 1625/146/8 1624/179/8 268/179/8 226/146/8
f 1625/146/27 1626/147/27 227/147/27 225/146/27
f 1626/147/28 1625/146/28 226/146/28 228/147/28
f 1626/147/5 1623/178/5 269/178/5 227/147/5
f 1623/178/6 1626/147/6 228/147/6 270/178/6
f 1627/179/1 1628/180/1 265/180/1 267/179/1
f 1628/180/2 1627/179/2 268/179/2 266/180/2
f 1628/180/7 1629/145/7 223/145/7 265/180/7
f 1629/145/8 1628/180/8 266/180/8 224/145/8
f 1629/145/27 1630/146/27 225/146/27 223/145/27
f 1630/146/28 1629/145/28 224/145/28 226/146/28
f 1630/146/5 1627/179/5 267/179/5 225/146/5
f 1627/179/6 1630/146/6 226/146/6 268/179/6
f 1631/180/1 1632/181/1 263/181/1 265/180/1
f 1632/181/2 1631/180/2 266/180/2 264/181/2
f 1632/181/7 1633/144/7 221/144/7 263/181/7
f 1633/144/8 1632/181/8 264/181/8 222/144/8
f 1633/144/27 1634/145/27 223/145/27 221/144/27
f 1634/145/28 1633/144/28 222/144/28 224/145/28
f 1634/145/5 1631/180/5 265/180/5 223/145/5
f 1631/180/6 1634/145/6 224/145/6 266/180/6
f 1635/181/1 1636/182/1 261/182/1 263/181/1
f 1636/182/2 1635/181/2 264/181/2 262/182/2
f 1636/182/7 1637/143/7 219/143/7 261/182/7
f 1637/143/8 1636/182/8 262/182/8 220/143/8
f 1637/143/27 1638/144/27 221/144/27 219/143/27
f 1638/144/28 1637/143/28 220/143/28 222/144/28
f 1638/144/5 1635/181/5 263/181/5 221/144/5
f 1635/181/6 1638/144/6 222/144/6 264/181/6
f 1639/182/1 1640/183/1 259/183/1 261/182/1
f 1640/183/2 1639/182/2 262/182/2 260/183/2
f 1640/183/7 1641/141/7 217/141/7 259/183/7
f 1641/141/8 1640/183/8 260/183/8 218/141/8
f 1641/141/27 1642/143/27 219/143/27 217/141/27
f 1642/143/28 1641/141/28 218/141/28 220/143/28
f 1642/143/5 1639/182/5 261/182/5 219/143/5
f 1639/182/6 1642/143/6 220/143/6 262/182/6
f 1643/183/1 1644/184/1 975/184/1 259/183/1
f 1644/184/2 1643/183/2 260/183/2 976/184/2
f 1644/184/41 1645/142/41 903/142/41 975/184/41
f 1645/142/42 1644/184/42 976/184/42 904/142/42
f 1645/142/27 1646/141/27 217/141/27 903/142/27
f 1646/141/28 1645/142/28 904/142/28 218/141/28
f 1646/141/5 1643/183/5 259/183/5 217/141/5
f 1643/183/6 1646/141/6 218/141/6 260/183/6
f 1647/185/1 1648/186/1 867/186/1 301/185/1
f 1648/186/2 1647/185/2 302/185/2 868/186/2
f 1648/186/43 1649/187/43 1025/187/43 867/186/43
f 1649/187/44 1648/186/44 868/186/44 1026/187/44
f 1649/187/45 1650/184/45 975/184/45 1025/187/45
f 1650/184/42 1649/187/42 1026/187/42 976/184/42
f 1650/184/27 1651/183/27 259/183/27 975/184/27
f 1651/183/28 1650/184/28 976/184/28 260/183/28
f 1651/183/5 1647/185/5 301/185/5 259/183/5
f 1647/185/6 1651/183/6 260/183/6 302/185/6
f 1652/188/1 1653/185/1 301/185/1 303/188/1
f 1653/185/2 1652/188/2 304/188/2 302/185/2
f 1653/185/7 1654/183/7 259/183/7 301/185/7
f 1654/183/8 1653/185/8 302/185/8 260/183/8
f 1654/183/27 1655/182/27 261/182/27 259/183/27
f 1655/182/28 1654/183/28 260/183/28 262/182/28
f 1655/182/5 1652/188/5 303/188/5 261/182/5
f 1652/188/6 1655/182/6 262/182/6 304/188/6
f 1656/189/1 1657/188/1 303/188/1 305/189/1
f 1657/188/2 1656/189/2 306/189/2 304/188/2
f 1657/188/7 1658/182/7 261/182/7 303/188/7
f 1658/182/8 1657/188/8 304/188/8 262/182/8
f 1658/182/27 1659/181/27 263/181/27 261/182/27
f 1659/181/28 1658/182/28 262/182/28 264/181/28
f 1659/181/5 1656/189/5 305/189/5 263/181/5
f 1656/189/6 1659/181/6 264/181/6 306/189/6
f 1660/190/1 1661/189/1 305/189/1 307/190/1
f 1661/189/2 1660/190/2 308/190/2 306/189/2
f 1661/189/7 1662/181/7 263/181/7 305/189/7
f 1662/181/8 1661/189/8 306/189/8 264/181/8
f 1662/181/27 1663/180/27 265/180/27 263/181/27
f 1663/180/28 1662/181/28 264/181/28 266/180/28
f 1663/180/5 1660/190/5 307/190/5 265/180/5
f 1660/190/6 1663/180/6 266/180/6 308/190/6
f 1664/191/1 1665/190/1 307/190/1 309/191/1
f 1665/190/2 1664/191/2 310/191/2 308/190/2
f 1665/190/7 1666/180/7 265/180/7 307/190/7
f 1666/180/8 1665/190/8 308/190/8 266/180/8
f 1666/180/27 1667/179/27 267/179/27 265/180/27
f 1667/179/28 1666/180/28 266/180/28 268/179/28
f 1667/179/5 1664/191/5 309/191/5 267/179/5
f 1664/191/6 1667/179/6 268/179/6 310/191/6
f 1668/192/1 1669/191/1 309/191/1 311/192/1
f 1669/191/2 1668/192/2 312/192/2 310/191/2
f 1669/191/7 1670/179/7 267/179/7 309/191/7
f 1670/179/8 1669/191/8 310/191/8 268/179/8
f 1670/179/27 1671/178/27 269/178/27 267/179/27
f 1671/178/28 1670/179/28 268/179/28 270/178/28
f 1671/178/5 1668/192/5 311/192/5 269/178/5
f 1668/192/6 1671/178/6 270/178/6 312/192/6
f 1672/193/1 1673/192/1 311/192/1 313/193/1
f 1673/192/2 1672/193/2 314/193/2 312/192/2
f 1673/192/7 1674/178/7 269/178/7 311/192/7
f 1674/178/8 1673/192/8 312/192/8 270/178/8
f 1674/178/27 1675/177/27 271/177/27 269/178/27
f 1675/177/28 1674/178/28 270/178/28 272/177/28
f 1675/177/5 1672/193/5 313/193/5 271/177/5
f 1672/193/6 1675/177/6 272/177/6 314/193/6
f 1676/194/1 1677/193/1 313/193/1 315/194/1
f 1677/193/2 1676/194/2 316/194/2 314/193/2
f 1677/193/7 1678/177/7 271/177/7 313/193/7
f 1678/177/8 1677/193/8 314/193/8 272/177/8
f 1678/177/27 1679/176/27 273/176/27 271/177/27
f 1679/176/28 1678/177/28 272/177/28 274/176/28
f 1679/176/5 1676/194/5 315/194/5 273/176/5
f 1676/194/6 1679/176/6 274/176/6 316/194/6
f 1680/195/1 1681/194/1 315/194/1 317/195/1
f 1681/194/2 1680/195/2 318/195/2 316/194/2
f 1681/194/7 1682/176/7 273/176/7 315/194/7
f 1682/176/8 1681/194/8 316/194/8 274/176/8
f 1682/176/27 1683/175/27 275/175/27 273/176/27
f 1683/175/28 1682/176/28 274/176/28 276/175/28
f 1683/175/5 1680/195/5 317/195/5 275/175/5
f 1680/195/6 1683/175/6 276/175/6 318/195/6
f 1684/196/1 1685/195/1 317/195/1 319/196/1
f 1685/195/2 1684/196/2 320/196/2 318/195/2
f 1685/195/7 1686/175/7 275/175/7 317/195/7
f 1686/175/8 1685/195/8 318/195/8 276/175/8
f 1686/175/27 1687/174/27 277/174/27 275/175/27
f 1687/174/28 1686/175/28 276/175/28 278/174/28
f 1687/174/5 1684/196/5 319/196/5 277/174/5
f 1684/196/6 1687/174/6 278/174/6 320/196/6
f 1688/197/1 1689/196/1 319/196/1 321/197/1
f 1689/196/2 1688/197/2 322/197/2 320/196/2
f 1689/196/7 1690/174/7 277/174/7 319/196/7
f 1690/174/8 1689/196/8 320/196/8 278/174/8
f 1690/174/27 1691/173/27 279/173/27 277/174/27
f 1691/173/28 1690/174/28 278/174/28 280/173/28
f 1691/173/5 1688/197/5 321/197/5 279/173/5
f 1688/197/6 1691/173/6 280/173/6 322/197/6
f 1692/198/1 1693/197/1 321/197/1 323/198/1
f 1693/197/2 1692/198/2 324/198/2 322/197/2
f 1693/197/7 1694/173/7 279/173/7 321/197/7
f 1694/173/8 1693/197/8 322/197/8 280/173/8
f 1694/173/27 1695/172/27 281/172/27 279/173/27
f 1695/172/28 1694/173/28 280/173/28 282/172/28
f 1695/172/5 1692/198/5 323/198/5 281/172/5
f 1692/198/6 1695/172/6 282/172/6 324/198/6
f 1696/199/1 1697/198/1 323/198/1 325/199/1
f 1697/198/2 1696/199/2 326/199/2 324/198/2
f 1697/198/7 1698/172/7 281/172/7 323/198/7
f 1698/172/8 1697/198/8 324/198/8 282/172/8
f 1698/172/27 1699/171/27 283/171/27 281/172/27
f 1699/171/28 1698/172/28 282/172/28 284/171/28
f 1699/171/5 1696/199/5 325/199/5 283/171/5
f 1696/199/6 1699/171/6 284/171/6 326/199/6
f 1700/200/1 1701/199/1 325/199/1 327/200/1
f 1701/199/2 1700/200/2 328/200/2 326/199/2
f 1701/199/7 1702/171/7 283/171/7 325/199/7
f 1702/171/8 1701/199/8 326/199/8 284/171/8
f 1702/171/27 1703/170/27 285/170/27 283/171/27
f 1703/170/28 1702/171/28 284/171/28 286/170/28
f 1703/170/5 1700/200/5 327/200/5 285/170/5
f 1700/200/6 1703/170/6 286/170/6 328/200/6
f 1704/201/1 1705/200/1 327/200/1 329/201/1
f 1705/200/2 1704/201/2 330/201/2 328/200/2
f 1705/200/7 1706/170/7 285/170/7 327/200/7
f 1706/170/8 1705/200/8 328/200/8 286/170/8
f 1706/170/27 1707/169/27 287/169/27 285/170/27
f 1707/169/28 1706/170/28 286/170/28 288/169/28
f 1707/169/5 1704/201/5 329/201/5 287/169/5
f 1704/201/6 1707/169/6 288/169/6 330/201/6
f 1708/202/1 1709/201/1 329/201/1 331/202/1
f 1709/201/2 1708/202/2 332/202/2 330/201/2
f 1709/201/7 1710/169/7 287/169/7 329/201/7
f 1710/169/8 1709/201/8 330/201/8 288/169/8
f 1710/169/27 1711/168/27 289/168/27 287/169/27
f 1711/168/28 1710/169/28 288/169/28 290/168/28
f 1711/168/5 1708/202/5 331/202/5 289/168/5
f 1708/202/6 1711/168/6 290/168/6 332/202/6
f 1712/203/1 1713/202/1 331/202/1 333/203/1
f 1713/202/2 1712/203/2 334/203/2 332/202/2
f 1713/202/7 1714/168/7 289/168/7 331/202/7
f 1714/168/8 1713/202/8 332/202/8 290/168/8
f 1714/168/27 1715/167/27 291/167/27 289/168/27
f 1715/167/28 1714/168/28 290/168/28 292/167/28
f 1715/167/5 1712/203/5 333/203/5 291/167/5
f 1712/203/6 1715/167/6 292/167/6 334/203/6
f 1716/204/1 1717/203/1 333/203/1 335/204/1
f 1717/203/2 1716/204/2 336/204/2 334/203/2
f 1717/203/7 1718/167/7 291/167/7 333/203/7
f 1718/167/8 1717/203/8 334/203/8 292/167/8
f 1718/167/27 1719/166/27 293/166/27 291/167/27
f 1719/166/28 1718/167/28 292/167/28 294/166/28
f 1719/166/5 1716/204/5 335/204/5 293/166/5
f 1716/204/6 1719/166/6 294/166/6 336/204/6
f 1720/205/1 1721/204/1 335/204/1 337/205/1
f 1721/204/2 1720/205/2 338/205/2 336/204/2
f 1721/204/7 1722/166/7 293/166/7 335/204/7
f 1722/166/8 1721/204/8 336/204/8 294/166/8
f 1722/166/27 1723/165/27 295/165/27 293/166/27
f 1723/165/28 1722/166/28 294/166/28 296/165/28
f 1723/165/5 1720/205/5 337/205/5 295/165/5
f 1720/205/6 1723/165/6 296/165/6 338/205/6
f 1724/206/1 1725/205/1 337/205/1 339/206/1
f 1725/205/2 1724/206/2 340/206/2 338/205/2
f 1725/205/7 1726/165/7 295/165/7 337/205/7
f 1726/165/8 1725/205/8 338/205/8 296/165/8
f 1726/165/27 1727/164/27 297/164/27 295/165/27
f 1727/164/28 1726/165/28 296/165/28 298/164/28
f 1727/164/5 1724/206/5 339/206/5 297/164/5
f 1724/206/6 1727/164/6 298/164/6 340/206/6
f 1728/207/1 1729/206/1 339/206/1 341/207/1
f 1729/206/2 1728/207/2 342/207/2 340/206/2
f 1729/206/7 1730/164/7 297/164/7 339/206/7
f 1730/164/8 1729/206/8 340/206/8 298/164/8
f 1730/164/27 1731/163/27 299/163/27 297/164/27
f 1731/163/28 1730/164/28 298/164/28 300/163/28
f 1731/163/5 1728/207/5 341/207/5 299/163/5
f 1728/207/6 1731/163/6 300/163/6 342/207/6
f 1732/208/1 1733/209/1 381/209/1 383/208/1
f 1733/209/2 1732/208/2 384/208/2 382/209/2
f 1733/209/7 1734/206/7 339/206/7 381/209/7
f 1734/206/8 1733/209/8 382/209/8 340/206/8
f 1734/206/27 1735/207/27 341/207/27 339/206/27
f 1735/207/28 1734/206/28 340/206/28 342/207/28
f 1735/207/5 1732/208/5 383/208/5 341/207/5
f 1732/208/6 1735/207/6 342/207/6 384/208/6
f 1736/209/1 1737/210/1 379/210/1 381/209/1
f 1737/210/2 1736/209/2 382/209/2 380/210/2
f 1737/210/7 1738/205/7 337/205/7 379/210/7
f 1738/205/8 1737/210/8 380/210/8 338/205/8
f 1738/205/27 1739/206/27 339/206/27 337/205/27
f 1739/206/28 1738/205/28 338/205/28 340/206/28
f 1739/206/5 1736/209/5 381/209/5 339/206/5
f 1736/209/6 1739/206/6 340/206/6 382/209/6
f 1740/210/1 1741/211/1 377/211/1 379/210/1
f 1741/211/2 1740/210/2 380/210/2 378/211/2
f 1741/211/7 1742/204/7 335/204/7 377/211/7
f 1742/204/8 1741/211/8 378/211/8 336/204/8
f 1742/204/27 1743/205/27 337/205/27 335/204/27
f 1743/205/28 1742/204/28 336/204/28 338/205/28
f 1743/205/5 1740/210/5 379/210/5 337/205/5
f 1740/210/6 1743/205/6 338/205/6 380/210/6
f 1744/211/1 1745/212/1 375/212/1 377/211/1
f 1745/212/2 1744/211/2 378/211/2 376/212/2
f 1745/212/7 1746/203/7 333/203/7 375/212/7
f 1746/203/8 1745/212/8 376/212/8 334/203/8
f 1746/203/27 1747/204/27 335/204/27 333/203/27
f 1747/204/28 1746/203/28 334/203/28 336/204/28
f 1747/204/5 1744/211/5 377/211/5 335/204/5
f 1744/211/6 1747/204/6 336/204/6 378/211/6
f 1748/212/1 1749/213/1 373/213/1 375/212/1
f 1749/213/2 1748/212/2 376/212/2 374/213/2
f 1749/213/7 1750/202/7 331/202/7 373/213/7
f 1750/202/8 1749/213/8 374/213/8 332/202/8
f 1750/202/27 1751/203/27 333/203/27 331/202/27
f 1751/203/28 1750/202/28 332/202/28 334/203/28
f 1751/203/5 1748/212/5 375/212/5 333/203/5
f 1748/212/6 1751/203/6 334/203/6 376/212/6
f 1752/213/1 1753/214/1 371/214/1 373/213/1
f 1753/214/2 1752/213/2 374/213/2 372/214/2
f 1753/214/7 1754/201/7 329/201/7 371/214/7
f 1754/201/8 1753/214/8 372/214/8 330/201/8
f 1754/201/27 1755/202/27 331/202/27 329/201/27
f 1755/202/28 1754/201/28 330/201/28 332/202/28
f 1755/202/5 1752/213/5 373/213/5 331/202/5
f 1752/213/6 1755/202/6 332/202/6 374/213/6
f 1756/214/1 1757/215/1 369/215/1 371/214/1
f 1757/215/2 1756/214/2 372/214/2 370/215/2
f 1757/215/7 1758/200/7 327/200/7 369/215/7
f 1758/200/8 1757/215/8 370/215/8 328/200/8
f 1758/200/27 1759/201/27 329/201/27 327/200/27
f 1759/201/28 1758/200/28 328/200/28 330/201/28
f 1759/201/5 1756/214/5 371/214/5 329/201/5
f 1756/214/6 1759/201/6 330/201/6 372/214/6
f 1760/215/1 1761/216/1 367/216/1 369/215/1
f 1761/216/2 1760/215/2 370/215/2 368/216/2
f 1761/216/7 1762/199/7 325/199/7 367/216/7
f 1762/199/8 1761/216/8 368/216/8 326/199/8
f 1762/199/27 1763/200/27 327/200/27 325/199/27
f 1763/200/28 1762/199/28 326/199/28 328/200/28
f 1763/200/5 1760/215/5 369/215/5 327/200/5
f 1760/215/6 1763/200/6 328/200/6 370/215/6
f 1764/216/1 1765/217/1 365/217/1 367/216/1
f 1765/217/2 1764/216/2 368/216/2 366/217/2
f 1765/217/7 1766/198/7 323/198/7 365/217/7
f 1766/198/8 1765/217/8 366/217/8 324/198/8
f 1766/198/27 1767/199/27 325/199/27 323/198/27
f 1767/199/28 1766/198/28 324/198/28 326/199/28
f 1767/199/5 1764/216/5 367/216/5 325/199/5
f 1764/216/6 1767/199/6 326/199/6 368/216/6
f 1768/217/1 1769/218/1 363/218/1 365/217/1
f 1769/218/2 1768/217/2 366/217/2 364/218/2
f 1769/218/7 1770/197/7 321/197/7 363/218/7
f 1770/197/8 1769/218/8 364/218/8 322/197/8
f 1770/197/27 1771/198/27 323/198/27 321/197/27
f 1771/198/28 1770/197/28 322/197/28 324/198/28
f 1771/198/5 1768/217/5 365/217/5 323/198/5
f 1768/217/6 1771/198/6 324/198/6 366/217/6
f 1772/218/1 1773/219/1 361/219/1 363/218/1
f 1773/219/2 1772/218/2 364/218/2 362/219/2
f 1773/219/7 1774/196/7 319/196/7 361/219/7
f 1774/196/8 1773/219/8 362/219/8 320/196/8
f 1774/196/27 1775/197/27 321/197/27 319/196/27
f 1775/197/28 1774/196/28 320/196/28 322/197/28
f 1775/197/5 1772/218/5 363/218/5 321/197/5
f 1772/218/6 1775/197/6 322/197/6 364/218/6
f 1776/219/1 1777/220/1 359/220/1 361/219/1
f 1777/220/2 1776/219/2 362/219/2 360/220/2
f 1777/220/7 1778/195/7 317/195/7 359/220/7
f 1778/195/8 1777/220/8 360/220/8 318/195/8
f 1778/195/27 1779/196/27 319/196/27 317/195/27
f 1779/196/28 1778/195/28 318/195/28 320/196/28
f 1779/196/5 1776/219/5 361/219/5 319/196/5
f 1776/219/6 1779/196/6 320/196/6 362/219/6
f 1780/220/1 1781/221/1 357/221/1 359/220/1
f 1781/221/2 1780/220/2 360/220/2 358/221/2
f 1781/221/7 1782/194/7 315/194/7 357/221/7
f 1782/194/8 1781/221/8 358/221/8 316/194/8
f 1782/194/27 1783/195/27 317/195/27 315/194/27
f 1783/195/28 1782/194/28 316/194/28 318/195/28
f 1783/195/5 1780/220/5 359/220/5 317/195/5
f 1780/220/6 1783/195/6 318/195/6 360/220/6
f 1784/221/1 1785/222/1 355/222/1 357/221/1
f 1785/222/2 1784/221/2 358/221/2 356/222/2
f 1785/222/7 1786/193/7 313/193/7 355/222/7
f 1786/193/8 1785/222/8 356/222/8 314/193/8
f 1786/193/27 1787/194/27 315/194/27 313/193/27
f 1787/194/28 1786/193/28 314/193/28 316/194/28
f 1787/194/5 1784/221/5 357/221/5 315/194/5
f 1784/221/6 1787/194/6 316/194/6 358/221/6
f 1788/222/1 1789/223/1 353/223/1 355/222/1
f 1789/223/2 1788/222/2 356/222/2 354/223/2
f 1789/223/7 1790/192/7 311/192/7 353/223/7
f 1790/192/8 1789/223/8 354/223/8 312/192/8
f 1790/192/27 1791/193/27 313/193/27 311/192/27
f 1791/193/28 1790/192/28 312/192/28 314/193/28
f 1791/193/5 1788/222/5 355/222/5 313/193/5
f 1788/222/6 1791/193/6 314/193/6 356/222/6
f 1792/223/1 1793/224/1 351/224/1 353/223/1
f 1793/224/2 1792/223/2 354/223/2 352/224/2
f 1793/224/7 1794/191/7 309/191/7 351/224/7
f 1794/191/8 1793/224/8 352/224/8 310/191/8
f 1794/191/27 1795/192/27 311/192/27 309/191/27
f 1795/192/28 1794/191/28 310/191/28 312/192/28
f 1795/192/5 1792/223/5 353/223/5 311/192/5
f 1792/223/6 1795/192/6 312/192/6 354/223/6
f 1796/224/1 1797/225/1 349/225/1 351/224/1
f 1797/225/2 1796/224/2 352/224/2 350/225/2
f 1797/225/7 1798/190/7 307/190/7 349/225/7
f 1798/190/8 1797/225/8 350/225/8 308/190/8
f 1798/190/27 1799/191/27 309/191/27 307/190/27
f 1799/191/28 1798/190/28 308/190/28 310/191/28
f 1799/191/5 1796/224/5 351/224/5 309/191/5
f 1796/224/6 1799/191/6 310/191/6 352/224/6
f 1800/225/1 1801/226/1 347/226/1 349/225/1
f 1801/226/2 1800/225/2 350/225/2 348/226/2
f 1801/226/7 1802/189/7 305/189/7 347/226/7
f 1802/189/8 1801/226/8 348/226/8 306/189/8
f 1802/189/27 1803/190/27 307/190/27 305/189/27
f 1803/190/28 1802/189/28 306/189/28 308/190/28
f 1803/190/5 1800/225/5 349/225/5 307/190/5
f 1800/225/6 1803/190/6 308/190/6 350/225/6
f 1804/226/1 1805/227/1 345/227/1 347/226/1
f 1805/227/2 1804/226/2 348/226/2 346/227/2
f 1805/227/7 1806/188/7 303/188/7 345/227/7
f 1806/188/8 1805/227/8 346/227/8 304/188/8
f 1806/188/27 1807/189/27 305/189/27 303/188/27
f 1807/189/28 1806/188/28 304/188/28 306/189/28
f 1807/189/5 1804/226/5 347/226/5 305/189/5
f 1804/226/6 1807/189/6 306/189/6 348/226/6
f 1808/227/1 1809/228/1 343/228/1 345/227/1
f 1809/228/2 1808/227/2 346/227/2 344/228/2
f 1809/228/7 1810/185/7 301/185/7 343/228/7
f 1810/185/8 1809/228/8 344/228/8 302/185/8
f 1810/185/27 1811/188/27 303/188/27 301/185/27
f 1811/188/28 1810/185/28 302/185/28 304/188/28
f 1811/188/5 1808/227/5 345/227/5 303/188/5
f 1808/227/6 1811/188/6 304/188/6 346/227/6
f 1812/228/1 1813/229/1 939/229/1 343/228/1
f 1813/229/2 1812/228/2 344/228/2 940/229/2
f 1813/229/43 1814/186/43 867/186/43 939/229/43
f 1814/186/44 1813/229/44 940/229/44 868/186/44
f 1814/186/27 1815/185/27 301/185/27 867/186/27
f 1815/185/28 1814/186/28 868/186/28 302/185/28
f 1815/185/5 1812/228/5 343/228/5 301/185/5
f 1812/228/6 1815/185/6 302/185/6 344/228/6
f 1816/230/1 1817/231/1 987/231/1 385/230/1
f 1817/231/2 1816/230/2 386/230/2 988/231/2
f 1817/231/46 1818/232/46 1041/232/46 987/231/46
f 1818/232/47 1817/231/47 988/231/47 1042/232/47
f 1818/232/43 1819/229/43 939/229/43 1041/232/43
f 1819/229/44 1818/232/44 1042/232/44 940/229/44
f 1819/229/27 1820/228/27 343/228/27 939/229/27
f 1820/228/28 1819/229/28 940/229/28 344/228/28
f 1820/228/5 1816/230/5 385/230/5 343/228/5
f 1816/230/6 1820/228/6 344/228/6 386/230/6
f 1821/233/1 1822/230/1 385/230/1 387/233/1
f 1822/230/2 1821/233/2 388/233/2 386/230/2
f 1822/230/7 1823/228/7 343/228/7 385/230/7
f 1823/228/8 1822/230/8 386/230/8 344/228/8
f 1823/228/27 1824/227/27 345/227/27 343/228/27
f 1824/227/28 1823/228/28 344/228/28 346/227/28
f 1824/227/5 1821/233/5 387/233/5 345/227/5
f 1821/233/6 1824/227/6 346/227/6 388/233/6
f 1825/234/1 1826/233/1 387/233/1 389/234/1
f 1826/233/2 1825/234/2 390/234/2 388/233/2
f 1826/233/7 1827/227/7 345/227/7 387/233/7
f 1827/227/8 1826/233/8 388/233/8 346/227/8
f 1827/227/27 1828/226/27 347/226/27 345/227/27
f 1828/226/28 1827/227/28 346/227/28 348/226/28
f 1828/226/5 1825/234/5 389/234/5 347/226/5
f 1825/234/6 1828/226/6 348/226/6 390/234/6
f 1829/235/1 1830/234/1 389/234/1 391/235/1
f 1830/234/2 1829/235/2 392/235/2 390/234/2
f 1830/234/7 1831/226/7 347/226/7 389/234/7
f 1831/226/8 1830/234/8 390/234/8 348/226/8
f 1831/226/27 1832/225/27 349/225/27 347/226/27
f 1832/225/28 1831/226/28 348/226/28 350/225/28
f 1832/225/5 1829/235/5 391/235/5 349/225/5
f 1829/235/6 1832/225/6 350/225/6 392/235/6
f 1833/236/1 1834/235/1 391/235/1 393/236/1
f 1834/235/2 1833/236/2 394/236/2 392/235/2
f 1834/235/7 1835/225/7 349/225/7 391/235/7
f 1835/225/8 1834/235/8 392/235/8 350/225/8
f 1835/225/27 1836/224/27 351/224/27 349/225/27
f 1836/224/28 1835/225/28 350/225/28 352/224/28
f 1836/224/5 1833/236/5 393/236/5 351/224/5
f 1833/236/6 1836/224/6 352/224/6 394/236/6
f 1837/237/1 1838/236/1 393/236/1 395/237/1
f 1838/236/2 1837/237/2 396/237/2 394/236/2
f 1838/236/7 1839/224/7 351/224/7 393/236/7
f 1839/224/8 1838/236/8 394/236/8 352/224/8
f 1839/224/27 1840/223/27 353/223/27 351/224/27
f 1840/223/28 1839/224/28 352/224/28 354/223/28
f 1840/223/5 1837/237/5 395/237/5 353/223/5
f 1837/237/6 1840/223/6 354/223/6 396/237/6
f 1841/238/1 1842/237/1 395/237/1 397/238/1
f 1842/237/2 1841/238/2 398/238/2 396/237/2
f 1842/237/7 1843/223/7 353/223/7 395/237/7
f 1843/223/8 1842/237/8 396/237/8 354/223/8
f 1843/223/27 1844/222/27 355/222/27 353/223/27
f 1844/222/28 1843/223/28 354/223/28 356/222/28
f 1844/222/5 1841/238/5 397/238/5 355/222/5
f 1841/238/6 1844/222/6 356/222/6 398/238/6
f 1845/239/1 1846/238/1 397/238/1 399/239/1
f 1846/238/2 1845/239/2 400/239/2 398/238/2
f 1846/238/7 1847/222/7 355/222/7 397/238/7
f 1847/222/8 1846/238/8 398/238/8 356/222/8
f 1847/222/27 1848/221/27 357/221/27 355/222/27
f 1848/221/28 1847/222/28 356/222/28 358/221/28
f 1848/221/5 1845/239/5 399/239/5 357/221/5
f 1845/239/6 1848/221/6 358/221/6 400/239/6
f 1849/240/1 1850/239/1 399/239/1 401/240/1
f 1850/239/2 1849/240/2 402/240/2 400/239/2
f 1850/239/7 1851/221/7 357/221/7 399/239/7
f 1851/221/8 1850/239/8 400/239/8 358/221/8
f 1851/221/27 1852/220/27 359/220/27 357/221/27
f 1852/220/28 1851/221/28 358/221/28 360/220/28
f 1852/220/5 1849/240/5 401/240/5 359/220/5
f 1849/240/6 1852/220/6 360/220/6 402/240/6
f 1853/241/1 1854/240/1 401/240/1 403/241/1
f 1854/240/2 1853/241/2 404/241/2 402/240/2
f 1854/240/7 1855/220/7 359/220/7 401/240/7
f 1855/220/8 1854/240/8 402/240/8 360/220/8
f 1855/220/27 1856/219/27 361/219/27 359/220/27
f 1856/219/28 1855/220/28 360/220/28 362/219/28
f 1856/219/5 1853/241/5 403/241/5 361/219/5
f 1853/241/6 1856/219/6 362/219/6 404/241/6
f 1857/242/1 1858/241/1 403/241/1 405/242/1
f 1858/241/2 1857/242/2 406/242/2 404/241/2
f 1858/241/7 1859/219/7 361/219/7 403/241/7
f 1859/219/8 1858/241/8 404/241/8 362/219/8
f 1859/219/27 1860/218/27 363/218/27 361/219/27
f 1860/218/28 1859/219/28 362/219/28 364/218/28
f 1860/218/5 1857/242/5 405/242/5 363/218/5
f 1857/242/6 1860/218/6 364/218/6 406/242/6
f 1861/243/1 1862/242/1 405/242/1 407/243/1
f 1862/242/2 1861/243/2 408/243/2 406/242/2
f 1862/242/7 1863/218/7 363/218/7 405/242/7
f 1863/218/8 1862/242/8 406/242/8 364/218/8
f 1863/218/27 1864/217/27 365/217/27 363/218/27
f 1864/217/28 1863/218/28 364/218/28 366/217/28
f 1864/217/5 1861/243/5 407/243/5 365/217/5
f 1861/243/6 1864/217/6 366/217/6 408/243/6
f 1865/244/1 1866/243/1 407/243/1 409/244/1
f 1866/243/2 1865/244/2 410/244/2 408/243/2
f 1866/243/7 1867/217/7 365/217/7 407/243/7
f 1867/217/8 1866/243/8 408/243/8 366/217/8
f 1867/217/27 1868/216/27 367/216/27 365/217/27
f 1868/216/28 1867/217/28 366/217/28 368/216/28
f 1868/216/5 1865/244/5 409/244/5 367/216/5
f 1865/244/6 1868/216/6 368/216/6 410/244/6
f 1869/245/1 1870/244/1 409/244/1 411/245/1
f 1870/244/2 1869/245/2 412/245/2 410/244/2
f 1870/244/7 1871/216/7 367/216/7 409/244/7
f 1871/216/8 1870/244/8 410/244/8 368/216/8
f 1871/216/27 1872/215/27 369/215/27 367/216/27
f 1872/215/28 1871/216/28 368/216/28 370/215/28
f 1872/215/5 1869/245/5 411/245/5 369/215/5
f 1869/245/6 1872/215/6 370/215/6 412/245/6
f 1873/246/1 1874/245/1 411/245/1 413/246/1
f 1874/245/2 1873/246/2 414/246/2 412/245/2
f 1874/245/7 1875/215/7 369/215/7 411/245/7
f 1875/215/8 1874/245/8 412/245/8 370/215/8
f 1875/215/27 1876/214/27 371/214/27 369/215/27
f 1876/214/28 1875/215/28 370/215/28 372/214/28
f 1876/214/5 1873/246/5 413/246/5 371/214/5
f 1873/246/6 1876/214/6 372/214/6 414/246/6
f 1877/247/1 1878/246/1 413/246/1 415/247/1
f 1878/246/2 1877/247/2 416/247/2 414/246/2
f 1878/246/7 1879/214/7 371/214/7 413/246/7
f 1879/214/8 1878/246/8 414/246/8 372/214/8
f 1879/214/27 1880/213/27 373/213/27 371/214/27
f 1880/213/28 1879/214/28 372/214/28 374/213/28
f 1880/213/5 1877/247/5 415/247/5 373/213/5
f 1877/247/6 1880/213/6 374/213/6 416/247/6
f 1881/248/1 1882/247/1 415/247/1 417/248/1
f 1882/247/2 1881/248/2 418/248/2 416/247/2
f 1882/247/7 1883/213/7 373/213/7 415/247/7
f 1883/213/8 1882/247/8 416/247/8 374/213/8
f 1883/213/27 1884/212/27 375/212/27 373/213/27
f 1884/212/28 1883/213/28 374/213/28 376/212/28
f 1884/212/5 1881/248/5 417/248/5 375/212/5
f 1881/248/6 1884/212/6 376/212/6 418/248/6
f 1885/249/1 1886/248/1 417/248/1 419/249/1
f 1886/248/2 1885/249/2 420/249/2 418/248/2
f 1886/248/7 1887/212/7 375/212/7 417/248/7
f 1887/212/8 1886/248/8 418/248/8 376/212/8
f 1887/212/27 1888/211/27 377/211/27 375/212/27
f 1888/211/28 1887/212/28 376/212/28 378/211/28
f 1888/211/5 1885/249/5 419/249/5 377/211/5
f 1885/249/6 1888/211/6 378/211/6 420/249/6
f 1889/250/1 1890/249/1 419/249/1 421/250/1
f 1890/249/2 1889/250/2 422/250/2 420/249/2
f 1890/249/7 1891/211/7 377/211/7 419/249/7
f 1891/211/8 1890/249/8 420/249/8 378/211/8
f 1891/211/27 1892/210/27 379/210/27 377/211/27
f 1892/210/28 1891/211/28 378/211/28 380/210/28
f 1892/210/5 1889/250/5 421/250/5 379/210/5
f 1889/250/6 1892/210/6 380/210/6 422/250/6
f 1893/251/1 1894/250/1 421/250/1 423/251/1
f 1894/250/2 1893/251/2 424/251/2 422/250/2
f 1894/250/7 1895/210/7 379/210/7 421/250/7
f 1895/210/8 1894/250/8 422/250/8 380/210/8
f 1895/210/27 1896/209/27 381/209/27 379/210/27
f 1896/209/28 1895/210/28 380/210/28 382/209/28
f 1896/209/5 1893/251/5 423/251/5 381/209/5
f 1893/251/6 1896/209/6 382/209/6 424/251/6
f 1897/252/1 1898/251/1 423/251/1 425/252/1
f 1898/251/2 1897/252/2 426/252/2 424/251/2
f 1898/251/7 1899/209/7 381/209/7 423/251/7
f 1899/209/8 1898/251/8 424/251/8 382/209/8
f 1899/209/27 1900/208/27 383/208/27 381/209/27
f 1900/208/28 1899/209/28 382/209/28 384/208/28
f 1900/208/5 1897/252/5 425/252/5 383/208/5
f 1897/252/6 1900/208/6 384/208/6 426/252/6
f 1901/253/1 1902/254/1 465/254/1 467/253/1
f 1902/254/2 1901/253/2 468/253/2 466/254/2
f 1902/254/7 1903/251/7 423/251/7 465/254/7
f 1903/251/8 1902/254/8 466/254/8 424/251/8
f 1903/251/27 1904/252/27 425/252/27 423/251/27
f 1904/252/28 1903/251/28 424/251/28 426/252/28
f 1904/252/5 1901/253/5 467/253/5 425/252/5
f 1901/253/6 1904/252/6 426/252/6 468/253/6
f 1905/254/1 1906/255/1 463/255/1 465/254/1
f 1906/255/2 1905/254/2 466/254/2 464/255/2
f 1906/255/7 1907/250/7 421/250/7 463/255/7
f 1907/250/8 1906/255/8 464/255/8 422/250/8
f 1907/250/27 1908/251/27 423/251/27 421/250/27
f 1908/251/28 1907/250/28 422/250/28 424/251/28
f 1908/251/5 1905/254/5 465/254/5 423/251/5
f 1905/254/6 1908/251/6 424/251/6 466/254/6
f 1909/255/1 1910/256/1 461/256/1 463/255/1
f 1910/256/2 1909/255/2 464/255/2 462/256/2
f 1910/256/7 1911/249/7 419/249/7 461/256/7
f 1911/249/8 1910/256/8 462/256/8 420/249/8
f 1911/249/27 1912/250/27 421/250/27 419/249/27
f 1912/250/28 1911/249/28 420/249/28 422/250/28
f 1912/250/5 1909/255/5 463/255/5 421/250/5
f 1909/255/6 1912/250/6 422/250/6 464/255/6
f 1913/256/1 1914/257/1 459/257/1 461/256/1
f 1914/257/2 1913/256/2 462/256/2 460/257/2
f 1914/257/7 1915/248/7 417/248/7 459/257/7
f 1915/248/8 1914/257/8 460/257/8 418/248/8
f 1915/248/27 1916/249/27 419/249/27 417/248/27
f 1916/249/28 1915/248/28 418/248/28 420/249/28
f 1916/249/5 1913/256/5 461/256/5 419/249/5
f 1913/256/6 1916/249/6 420/249/6 462/256/6
f 1917/257/1 1918/258/1 457/258/1 459/257/1
f 1918/258/2 1917/257/2 460/257/2 458/258/2
f 1918/258/7 1919/247/7 415/247/7 457/258/7
f 1919/247/8 1918/258/8 458/258/8 416/247/8
f 1919/247/27 1920/248/27 417/248/27 415/247/27
f 1920/248/28 1919/247/28 416/247/28 418/248/28
f 1920/248/5 1917/257/5 459/257/5 417/248/5
f 1917/257/6 1920/248/6 418/248/6 460/257/6
f 1921/258/1 1922/259/1 455/259/1 457/258/1
f 1922/259/2 1921/258/2 458/258/2 456/259/2
f 1922/259/7 1923/246/7 413/246/7 455/259/7
f 1923/246/8 1922/259/8 456/259/8 414/246/8
f 1923/246/27 1924/247/27 415/247/27 413/246/27
f 1924/247/28 1923/246/28 414/246/28 416/247/28
f 1924/247/5 1921/258/5 457/258/5 415/247/5
f 1921/258/6 1924/247/6 416/247/6 458/258/6
f 1925/259/1 1926/260/1 453/260/1 455/259/1
f 1926/260/2 1925/259/2 456/259/2 454/260/2
f 1926/260/7 1927/245/7 411/245/7 453/260/7
f 1927/245/8 1926/260/8 454/260/8 412/245/8
f 1927/245/27 1928/246/27 413/246/27 411/245/27
f 1928/246/28 1927/245/28 412/245/28 414/246/28
f 1928/246/5 1925/259/5 455/259/5 413/246/5
f 1925/259/6 1928/246/6 414/246/6 456/259/6
f 1929/260/1 1930/261/1 451/261/1 453/260/1
f 1930/261/2 1929/260/2 454/260/2 452/261/2
f 1930/261/7 1931/244/7 409/244/7 451/261/7
f 1931/244/8 1930/261/8 452/261/8 410/244/8
f 1931/244/27 1932/245/27 411/245/27 409/244/27
f 1932/245/28 1931/244/28 410/244/28 412/245/28
f 1932/245/5 1929/260/5 453/260/5 411/245/5
f 1929/260/6 1932/245/6 412/245/6 454/260/6
f 1933/261/1 1934/262/1 449/262/1 451/261/1
f 1934/262/2 1933/261/2 452/261/2 450/262/2
f 1934/262/7 1935/243/7 407/243/7 449/262/7
f 1935/243/8 1934/262/8 450/262/8 408/243/8
f 1935/243/27 1936/244/27 409/244/27 407/243/27
f 1936/244/28 1935/243/28 408/243/28 410/244/28
f 1936/244/5 1933/261/5 451/261/5 409/244/5
f 1933/261/6 1936/244/6 410/244/6 452/261/6
f 1937/262/1 1938/263/1 447/263/1 449/262/1
f 1938/263/2 1937/262/2 450/262/2 448/263/2
f 1938/263/7 1939/242/7 405/242/7 447/263/7
f 1939/242/8 1938/263/8 448/263/8 406/242/8
f 1939/242/27 1940/243/27 407/243/27 405/242/27
f 1940/243/28 1939/242/28 406/242/28 408/243/28
f 1940/243/5 1937/262/5 449/262/5 407/243/5
f 1937/262/6 1940/243/6 408/243/6 450/262/6
f 1941/263/1 1942/264/1 445/264/1 447/263/1
f 1942/264/2 1941/263/2 448/263/2 446/264/2
f 1942/264/7 1943/241/7 403/241/7 445/264/7
f 1943/241/8 1942/264/8 446/264/8 404/241/8
f 1943/241/27 1944/242/27 405/242/27 403/241/27
f 1944/242/28 1943/241/28 404/241/28 406/242/28
f 1944/242/5 1941/263/5 447/263/5 405/242/5
f 1941/263/6 1944/242/6 406/242/6 448/263/6
f 1945/264/1 1946/265/1 443/265/1 445/264/1
f 1946/265/2 1945/264/2 446/264/2 444/265/2
f 1946/265/7 1947/240/7 401/240/7 443/265/7
f 1947/240/8 1946/265/8 444/265/8 402/240/8
f 1947/240/27 1948/241/27 403/241/27 401/240/27
f 1948/241/28 1947/240/28 402/240/28 404/241/28
f 1948/241/5 1945/264/5 445/264/5 403/241/5
f 1945/264/6 1948/241/6 404/241/6 446/264/6
f 1949/265/1 1950/266/1 441/266/1 443/265/1
f 1950/266/2 1949/265/2 444/265/2 442/266/2
f 1950/266/7 1951/239/7 399/239/7 441/266/7
f 1951/239/8 1950/266/8 442/266/8 400/239/8
f 1951/239/27 1952/240/27 401/240/27 399/239/27
f 1952/240/28 1951/239/28 400/239/28 402/240/28
f 1952/240/5 1949/265/5 443/265/5 401/240/5
f 1949/265/6 1952/240/6 402/240/6 444/265/6
f 1953/266/1 1954/267/1 439/267/1 441/266/1
f 1954/267/2 1953/266/2 442/266/2 440/267/2
f 1954/267/7 1955/238/7 397/238/7 439/267/7
f 1955/238/8 1954/267/8 440/267/8 398/238/8
f 1955/238/27 1956/239/27 399/239/27 397/238/27
f 1956/239/28 1955/238/28 398/238/28 400/239/28
f 1956/239/5 1953/266/5 441/266/5 399/239/5
f 1953/266/6 1956/239/6 400/239/6 442/266/6
f 1957/267/1 1958/268/1 437/268/1 439/267/1
f 1958/268/2 1957/267/2 440/267/2 438/268/2
f 1958/268/7 1959/237/7 395/237/7 437/268/7
f 1959/237/8 1958/268/8 438/268/8 396/237/8
f 1959/237/27 1960/238/27 397/238/27 395/237/27
f 1960/238/28 1959/237/28 396/237/28 398/238/28
f 1960/238/5 1957/267/5 439/267/5 397/238/5
f 1957/267/6 1960/238/6 398/238/6 440/267/6
f 1961/268/1 1962/269/1 435/269/1 437/268/1
f 1962/269/2 1961/268/2 438/268/2 436/269/2
f 1962/269/7 1963/236/7 393/236/7 435/269/7
f 1963/236/8 1962/269/8 436/269/8 394/236/8
f 1963/236/27 1964/237/27 395/237/27 393/236/27
f 1964/237/28 1963/236/28 394/236/28 396/237/28
f 1964/237/5 1961/268/5 437/268/5 395/237/5
f 1961/268/6 1964/237/6 396/237/6 438/268/6
f 1965/269/1 1966/270/1 433/270/1 435/269/1
f 1966/270/2 1965/269/2 436/269/2 434/270/2
f 1966/270/7 1967/235/7 391/235/7 433/270/7
f 1967/235/8 1966/270/8 434/270/8 392/235/8
f 1967/235/27 1968/236/27 393/236/27 391/235/27
f 1968/236/28 1967/235/28 392/235/28 394/236/28
f 1968/236/5 1965/269/5 435/269/5 393/236/5
f 1965/269/6 1968/236/6 394/236/6 436/269/6
f 1969/270/1 1970/271/1 431/271/1 433/270/1
f 1970/271/2 1969/270/2 434/270/2 432/271/2
f 1970/271/7 1971/234/7 389/234/7 431/271/7
f 1971/234/8 1970/271/8 432/271/8 390/234/8
f 1971/234/27 1972/235/27 391/235/27 389/234/27
f 1972/235/28 1971/234/28 390/234/28 392/235/28
f 1972/235/5 1969/270/5 433/270/5 391/235/5
f 1969/270/6 1972/235/6 392/235/6 434/270/6
f 1973/271/1 1974/272/1 429/272/1 431/271/1
f 1974/272/2 1973/271/2 432/271/2 430/272/2
f 1974/272/7 1975/233/7 387/233/7 429/272/7
f 1975/233/8 1974/272/8 430/272/8 388/233/8
f 1975/233/27 1976/234/27 389/234/27 387/233/27
f 1976/234/28 1975/233/28 388/233/28 390/234/28
f 1976/234/5 1973/271/5 431/271/5 389/234/5
f 1973/271/6 1976/234/6 390/234/6 432/271/6
f 1977/272/1 1978/273/1 427/273/1 429/272/1
f 1978/273/2 1977/272/2 430/272/2 428/273/2
f 1978/273/7 1979/230/7 385/230/7 427/273/7
f 1979/230/8 1978/273/8 428/273/8 386/230/8
f 1979/230/27 1980/233/27 387/233/27 385/230/27
f 1980/233/28 1979/230/28 386/230/28 388/233/28
f 1980/233/5 1977/272/5 429/272/5 387/233/5
f 1977/272/6 1980/233/6 388/233/6 430/272/6
f 1981/273/1 1982/274/1 901/274/1 427/273/1
f 1982/274/2 1981/273/2 428/273/2 902/274/2
f 1982/274/46 1983/231/46 987/231/46 901/274/46
f 1983/231/47 1982/274/47 902/274/47 988/231/47
f 1983/231/27 1984/230/27 385/230/27 987/231/27
f 1984/230/28 1983/231/28 988/231/28 386/230/28
f 1984/230/5 1981/273/5 427/273/5 385/230/5
f 1981/273/6 1984/230/6 386/230/6 428/273/6
f 1985/275/1 1986/276/1 947/276/1 469/275/1
f 1986/276/2 1985/275/2 470/275/2 948/276/2
f 1986/276/48 1987/274/48 901/274/48 947/276/48
f 1987/274/49 1986/276/49 948/276/49 902/274/49
f 1987/274/27 1988/273/27 427/273/27 901/274/27
f 1988/273/28 1987/274/28 902/274/28 428/273/28
f 1988/273/5 1985/275/5 469/275/5 427/273/5
f 1985/275/6 1988/273/6 428/273/6 470/275/6
f 1989/277/1 1990/275/1 469/275/1 471/277/1
f 1990/275/2 1989/277/2 472/277/2 470/275/2
f 1990/275/7 1991/273/7 427/273/7 469/275/7
f 1991/273/8 1990/275/8 470/275/8 428/273/8
f 1991/273/27 1992/272/27 429/272/27 427/273/27
f 1992/272/28 1991/273/28 428/273/28 430/272/28
f 1992/272/5 1989/277/5 471/277/5 429/272/5
f 1989/277/6 1992/272/6 430/272/6 472/277/6
f 1993/278/1 1994/277/1 471/277/1 473/278/1
f 1994/277/2 1993/278/2 474/278/2 472/277/2
f 1994/277/7 1995/272/7 429/272/7 471/277/7
f 1995/272/8 1994/277/8 472/277/8 430/272/8
f 1995/272/27 1996/271/27 431/271/27 429/272/27
f 1996/271/28 1995/272/28 430/272/28 432/271/28
f 1996/271/5 1993/278/5 473/278/5 431/271/5
f 1993/278/6 1996/271/6 432/271/6 474/278/6
f 1997/279/1 1998/278/1 473/278/1 475/279/1
f 1998/278/2 1997/279/2 476/279/2 474/278/2
f 1998/278/7 1999/271/7 431/271/7 473/278/7
f 1999/271/8 1998/278/8 474/278/8 432/271/8
f 1999/271/27 2000/270/27 433/270/27 431/271/27
f 2000/270/28 1999/271/28 432/271/28 434/270/28
f 2000/270/5 1997/279/5 475/279/5 433/270/5
f 1997/279/6 2000/270/6 434/270/6 476/279/6
f 2001/280/1 2002/279/1 475/279/1 477/280/1
f 2002/279/2 2001/280/2 478/280/2 476/279/2
f 2002/279/7 2003/270/7 433/270/7 475/279/7
f 2003/270/8 2002/279/8 476/279/8 434/270/8
f 2003/270/27 2004/269/27 435/269/27 433/270/27
f 2004/269/28 2003/270/28 434/270/28 436/269/28
f 2004/269/5 2001/280/5 477/280/5 435/269/5
f 2001/280/6 2004/269/6 436/269/6 478/280/6
f 2005/281/1 2006/280/1 477/280/1 479/281/1
f 2006/280/2 2005/281/2 480/281/2 478/280/2
f 2006/280/7 2007/269/7 435/269/7 477/280/7
f 2007/269/8 2006/280/8 478/280/8 436/269/8
f 2007/269/27 2008/268/27 437/268/27 435/269/27
f 2008/268/28 2007/269/28 436/269/28 438/268/28
f 2008/268/5 2005/281/5 479/281/5 437/268/5
f 2005/281/6 2008/268/6 438/268/6 480/281/6
f 2009/282/1 2010/281/1 479/281/1 481/282/1
f 2010/281/2 2009/282/2 482/282/2 480/281/2
f 2010/281/7 2011/268/7 437/268/7 479/281/7
f 2011/268/8 2010/281/8 480/281/8 438/268/8
f 2011/268/27 2012/267/27 439/267/27 437/268/27
f 2012/267/28 2011/268/28 438/268/28 440/267/28
f 2012/267/5 2009/282/5 481/282/5 439/267/5
f 2009/282/6 2012/267/6 440/267/6 482/282/6
f 2013/283/1 2014/282/1 481/282/1 483/283/1
f 2014/282/2 2013/283/2 484/283/2 482/282/2
f 2014/282/7 2015/267/7 439/267/7 481/282/7
f 2015/267/8 2014/282/8 482/282/8 440/267/8
f 2015/267/27 2016/266/27 441/266/27 439/267/27
f 2016/266/28 2015/267/28 440/267/28 442/266/28
f 2016/266/5 2013/283/5 483/283/5 441/266/5
f 2013/283/6 2016/266/6 442/266/6 484/283/6
f 2017/284/1 2018/283/1 483/283/1 485/284/1
f 2018/283/2 2017/284/2 486/284/2 484/283/2
f 2018/283/7 2019/266/7 441/266/7 483/283/7
f 2019/266/8 2018/283/8 484/283/8 442/266/8
f 2019/266/27 2020/265/27 443/265/27 441/266/27
f 2020/265/28 2019/266/28 442/266/28 444/265/28
f 2020/265/5 2017/284/5 485/284/5 443/265/5
f 2017/284/6 2020/265/6 444/265/6 486/284/6
f 2021/285/1 2022/284/1 485/284/1 487/285/1
f 2022/284/2 2021/285/2 488/285/2 486/284/2
f 2022/284/7 2023/265/7 443/265/7 485/284/7
f 2023/265/8 2022/284/8 486/284/8 444/265/8
f 2023/265/27 2024/264/27 445/264/27 443/265/27
f 2024/264/28 2023/265/28 444/265/28 446/264/28
f 2024/264/5 2021/285/5 487/285/5 445/264/5
f 2021/285/6 2024/264/6 446/264/6 488/285/6
f 2025/286/1 2026/285/1 487/285/1 489/286/1
f 2026/285/2 2025/286/2 490/286/2 488/285/2
f 2026/285/7 2027/264/7 445/264/7 487/285/7
f 2027/264/8 2026/285/8 488/285/8 446/264/8
f 2027/264/27 2028/263/27 447/263/27 445/264/27
f 2028/263/28 2027/264/28 446/264/28 448/263/28
f 2028/263/5 2025/286/5 489/286/5 447/263/5
f 2025/286/6 2028/263/6 448/263/6 490/286/6
f 2029/287/1 2030/286/1 489/286/1 491/287/1
f 2030/286/2 2029/287/2 492/287/2 490/286/2
f 2030/286/7 2031/263/7 447/263/7 489/286/7
f 2031/263/8 2030/286/8 490/286/8 448/263/8
f 2031/263/27 2032/262/27 449/262/27 447/263/27
f 2032/262/28 2031/263/28 448/263/28 450/262/28
f 2032/262/5 2029/287/5 491/287/5 449/262/5
f 2029/287/6 2032/262/6 450/262/6 492/287/6
f 2033/288/1 2034/287/1 491/287/1 493/288/1
f 2034/287/2 2033/288/2 494/288/2 492/287/2
f 2034/287/7 2035/262/7 449/262/7 491/287/7
f 2035/262/8 2034/287/8 492/287/8 450/262/8
f 2035/262/27 2036/261/27 451/261/27 449/262/27
f 2036/261/28 2035/262/28 450/262/28 452/261/28
f 2036/261/5 2033/288/5 493/288/5 451/261/5
f 2033/288/6 2036/261/6 452/261/6 494/288/6
f 2037/289/1 2038/288/1 493/288/1 495/289/1
f 2038/288/2 2037/289/2 496/289/2 494/288/2
f 2038/288/7 2039/261/7 451/261/7 493/288/7
f 2039/261/8 2038/288/8 494/288/8 452/261/8
f 2039/261/27 2040/260/27 453/260/27 451/261/27
f 2040/260/28 2039/261/28 452/261/28 454/260/28
f 2040/260/5 2037/289/5 495/289/5 453/260/5
f 2037/289/6 2040/260/6 454/260/6 496/289/6
f 2041/290/1 2042/289/1 495/289/1 497/290/1
f 2042/289/2 2041/290/2 498/290/2 496/289/2
f 2042/289/7 2043/260/7 453/260/7 495/289/7
f 2043/260/8 2042/289/8 496/289/8 454/260/8
f 2043/260/27 2044/259/27 455/259/27 453/260/27
f 2044/259/28 2043/260/28 454/260/28 456/259/28
f 2044/259/5 2041/290/5 497/290/5 455/259/5
f 2041/290/6 2044/259/6 456/259/6 498/290/6
f 2045/291/1 2046/290/1 497/290/1 499/291/1
f 2046/290/2 2045/291/2 500/291/2 498/290/2
f 2046/290/7 2047/259/7 455/259/7 497/290/7
f 2047/259/8 2046/290/8 498/290/8 456/259/8
f 2047/259/27 2048/258/27 457/258/27 455/259/27
f 2048/258/28 2047/259/28 456/259/28 458/258/28
f 2048/258/5 2045/291/5 499/291/5 457/258/5
f 2045/291/6 2048/258/6 458/258/6 500/291/6
f 2049/292/1 2050/291/1 499/291/1 501/292/1
f 2050/291/2 2049/292/2 502/292/2 500/291/2
f 2050/291/7 2051/258/7 457/258/7 499/291/7
f 2051/258/8 2050/291/8 500/291/8 458/258/8
f 2051/258/27 2052/257/27 459/257/27 457/258/27
f 2052/257/28 2051/258/28 458/258/28 460/257/28
f 2052/257/5 2049/292/5 501/292/5 459/257/5
f 2049/292/6 2052/257/6 460/257/6 502/292/6
f 2053/293/1 2054/292/1 501/292/1 503/293/1
f 2054/292/2 2053/293/2 504/293/2 502/292/2
f 2054/292/7 2055/257/7 459/257/7 501/292/7
f 2055/257/8 2054/292/8 502/292/8 460/257/8
f 2055/257/27 2056/256/27 461/256/27 459/257/27
f 2056/256/28 2055/257/28 460/257/28 462/256/28
f 2056/256/5 2053/293/5 503/293/5 461/256/5
f 2053/293/6 2056/256/6 462/256/6 504/293/6
f 2057/294/1 2058/293/1 503/293/1 505/294/1
f 2058/293/2 2057/294/2 506/294/2 504/293/2
f 2058/293/7 2059/256/7 461/256/7 503/293/7
f 2059/256/8 2058/293/8 504/293/8 462/256/8
f 2059/256/27 2060/255/27 463/255/27 461/256/27
f 2060/255/28 2059/256/28 462/256/28 464/255/28
f 2060/255/5 2057/294/5 505/294/5 463/255/5
f 2057/294/6 2060/255/6 464/255/6 506/294/6
f 2061/295/1 2062/294/1 505/294/1 507/295/1
f 2062/294/2 2061/295/2 508/295/2 506/294/2
f 2062/294/7 2063/255/7 463/255/7 505/294/7
f 2063/255/8 2062/294/8 506/294/8 464/255/8
f 2063/255/27 2064/254/27 465/254/27 463/255/27
f 2064/254/28 2063/255/28 464/255/28 466/254/28
f 2064/254/5 2061/295/5 507/295/5 465/254/5
f 2061/295/6 2064/254/6 466/254/6 508/295/6
f 2065/296/1 2066/295/1 507/295/1 509/296/1
f 2066/295/2 2065/296/2 510/296/2 508/295/2
f 2066/295/7 2067/254/7 465/254/7 507/295/7
f 2067/254/8 2066/295/8 508/295/8 466/254/8
f 2067/254/27 2068/253/27 467/253/27 465/254/27
f 2068/253/28 2067/254/28 466/254/28 468/253/28
f 2068/253/5 2065/296/5 509/296/5 467/253/5
f 2065/296/6 2068/253/6 468/253/6 510/296/6
f 2069/297/1 2070/298/1 549/298/1 551/297/1
f 2070/298/2 2069/297/2 552/297/2 550/298/2
f 2070/298/7 2071/295/7 507/295/7 549/298/7
f 2071/295/8 2070/298/8 550/298/8 508/295/8
f 2071/295/27 2072/296/27 509/296/27 507/295/27
f 2072/296/28 2071/295/28 508/295/28 510/296/28
f 2072/296/5 2069/297/5 551/297/5 509/296/5
f 2069/297/6 2072/296/6 510/296/6 552/297/6
f 2073/298/1 2074/299/1 547/299/1 549/298/1
f 2074/299/2 2073/298/2 550/298/2 548/299/2
f 2074/299/7 2075/294/7 505/294/7 547/299/7
f 2075/294/8 2074/299/8 548/299/8 506/294/8
f 2075/294/27 2076/295/27 507/295/27 505/294/27
f 2076/295/28 2075/294/28 506/294/28 508/295/28
f 2076/295/5 2073/298/5 549/298/5 507/295/5
f 2073/298/6 2076/295/6 508/295/6 550/298/6
f 2077/299/1 2078/300/1 545/300/1 547/299/1
f 2078/300/2 2077/299/2 548/299/2 546/300/2
f 2078/300/7 2079/293/7 503/293/7 545/300/7
f 2079/293/8 2078/300/8 546/300/8 504/293/8
f 2079/293/27 2080/294/27 505/294/27 503/293/27
f 2080/294/28 2079/293/28 504/293/28 506/294/28
f 2080/294/5 2077/299/5 547/299/5 505/294/5
f 2077/299/6 2080/294/6 506/294/6 548/299/6
f 2081/300/1 2082/301/1 543/301/1 545/300/1
f 2082/301/2 2081/300/2 546/300/2 544/301/2
f 2082/301/7 2083/292/7 501/292/7 543/301/7
f 2083/292/8 2082/301/8 544/301/8 502/292/8
f 2083/292/27 2084/293/27 503/293/27 501/292/27
f 2084/293/28 2083/292/28 502/292/28 504/293/28
f 2084/293/5 2081/300/5 545/300/5 503/293/5
f 2081/300/6 2084/293/6 504/293/6 546/300/6
f 2085/301/1 2086/302/1 541/302/1 543/301/1
f 2086/302/2 2085/301/2 544/301/2 542/302/2
f 2086/302/7 2087/291/7 499/291/7 541/302/7
f 2087/291/8 2086/302/8 542/302/8 500/291/8
f 2087/291/27 2088/292/27 501/292/27 499/291/27
f 2088/292/28 2087/291/28 500/291/28 502/292/28
f 2088/292/5 2085/301/5 543/301/5 501/292/5
f 2085/301/6 2088/292/6 502/292/6 544/301/6
f 2089/302/1 2090/303/1 539/303/1 541/302/1
f 2090/303/2 2089/302/2 542/302/2 540/303/2
f 2090/303/7 2091/290/7 497/290/7 539/303/7
f 2091/290/8 2090/303/8 540/303/8 498/290/8
f 2091/290/27 2092/291/27 499/291/27 497/290/27
f 2092/291/28 2091/290/28 498/290/28 500/291/28
f 2092/291/5 2089/302/5 541/302/5 499/291/5
f 2089/302/6 2092/291/6 500/291/6 542/302/6
f 2093/303/1 2094/304/1 537/304/1 539/303/1
f 2094/304/2 2093/303/2 540/303/2 538/304/2
f 2094/304/7 2095/289/7 495/289/7 537/304/7
f 2095/289/8 2094/304/8 538/304/8 496/289/8
f 2095/289/27 2096/290/27 497/290/27 495/289/27
f 2096/290/28 2095/289/28 496/289/28 498/290/28
f 2096/290/5 2093/303/5 539/303/5 497/290/5
f 2093/303/6 2096/290/6 498/290/6 540/303/6
f 2097/304/1 2098/305/1 535/305/1 537/304/1
f 2098/305/2 2097/304/2 538/304/2 536/305/2
f 2098/305/7 2099/288/7 493/288/7 535/305/7
f 2099/288/8 2098/305/8 536/305/8 494/288/8
f 2099/288/27 2100/289/27 495/289/27 493/288/27
f 2100/289/28 2099/288/28 494/288/28 496/289/28
f 2100/289/5 2097/304/5 537/304/5 495/289/5
f 2097/304/6 2100/289/6 496/289/6 538/304/6
f 2101/305/1 2102/306/1 533/306/1 535/305/1
f 2102/306/2 2101/305/2 536/305/2 534/306/2
f 2102/306/7 2103/287/7 491/287/7 533/306/7
f 2103/287/8 2102/306/8 534/306/8 492/287/8
f 2103/287/27 2104/288/27 493/288/27 491/287/27
f 2104/288/28 2103/287/28 492/287/28 494/288/28
f 2104/288/5 2101/305/5 535/305/5 493/288/5
f 2101/305/6 2104/288/6 494/288/6 536/305/6
f 2105/306/1 2106/307/1 531/307/1 533/306/1
f 2106/307/2 2105/306/2 534/306/2 532/307/2
f 2106/307/7 2107/286/7 489/286/7 531/307/7
f 2107/286/8 2106/307/8 532/307/8 490/286/8
f 2107/286/27 2108/287/27 491/287/27 489/286/27
f 2108/287/28 2107/286/28 490/286/28 492/287/28
f 2108/287/5 2105/306/5 533/306/5 491/287/5
f 2105/306/6 2108/287/6 492/287/6 534/306/6
f 2109/307/1 2110/308/1 529/308/1 531/307/1
f 2110/308/2 2109/307/2 532/307/2 530/308/2
f 2110/308/7 2111/285/7 487/285/7 529/308/7
f 2111/285/8 2110/308/8 530/308/8 488/285/8
f 2111/285/27 2112/286/27 489/286/27 487/285/27
f 2112/286/28 2111/285/28 488/285/28 490/286/28
f 2112/286/5 2109/307/5 531/307/5 489/286/5
f 2109/307/6 2112/286/6 490/286/6 532/307/6
f 2113/308/1 2114/309/1 527/309/1 529/308/1
f 2114/309/2 2113/308/2 530/308/2 528/309/2
f 2114/309/7 2115/284/7 485/284/7 527/309/7
f 2115/284/8 2114/309/8 528/309/8 486/284/8
f 2115/284/27 2116/285/27 487/285/27 485/284/27
f 2116/285/28 2115/284/28 486/284/28 488/285/28
f 2116/285/5 2113/308/5 529/308/5 487/285/5
f 2113/308/6 2116/285/6 488/285/6 530/308/6
f 2117/309/1 2118/310/1 525/310/1 527/309/1
f 2118/310/2 2117/309/2 528/309/2 526/310/2
f 2118/310/7 2119/283/7 483/283/7 525/310/7
f 2119/283/8 2118/310/8 526/310/8 484/283/8
f 2119/283/27 2120/284/27 485/284/27 483/283/27
f 2120/284/28 2119/283/28 484/283/28 486/284/28
f 2120/284/5 2117/309/5 527/309/5 485/284/5
f 2117/309/6 2120/284/6 486/284/6 528/309/6
f 2121/310/1 2122/311/1 523/311/1 525/310/1
f 2122/311/2 2121/310/2 526/310/2 524/311/2
f 2122/311/7 2123/282/7 481/282/7 523/311/7
f 2123/282/8 2122/311/8 524/311/8 482/282/8
f 2123/282/27 2124/283/27 483/283/27 481/282/27
f 2124/283/28 2123/282/28 482/282/28 484/283/28
f 2124/283/5 2121/310/5 525/310/5 483/283/5
f 2121/310/6 2124/283/6 484/283/6 526/310/6
f 2125/311/1 2126/312/1 521/312/1 523/311/1
f 2126/312/2 2125/311/2 524/311/2 522/312/2
f 2126/312/7 2127/281/7 479/281/7 521/312/7
f 2127/281/8 2126/312/8 522/312/8 480/281/8
f 2127/281/27 2128/282/27 481/282/27 479/281/27
f 2128/282/28 2127/281/28 480/281/28 482/282/28
f 2128/282/5 2125/311/5 523/311/5 481/282/5
f 2125/311/6 2128/282/6 482/282/6 524/311/6
f 2129/312/1 2130/313/1 519/313/1 521/312/1
f 2130/313/2 2129/312/2 522/312/2 520/313/2
f 2130/313/7 2131/280/7 477/280/7 519/313/7
f 2131/280/8 2130/313/8 520/313/8 478/280/8
f 2131/280/27 2132/281/27 479/281/27 477/280/27
f 2132/281/28 2131/280/28 478/280/28 480/281/28
f 2132/281/5 2129/312/5 521/312/5 479/281/5
f 2129/312/6 2132/281/6 480/281/6 522/312/6
f 2133/313/1 2134/314/1 517/314/1 519/313/1
f 2134/314/2 2133/313/2 520/313/2 518/314/2
f 2134/314/7 2135/279/7 475/279/7 517/314/7
f 2135/279/8 2134/314/8 518/314/8 476/279/8
f 2135/279/27 2136/280/27 477/280/27 475/279/27
f 2136/280/28 2135/279/28 476/279/28 478/280/28
f 2136/280/5 2133/313/5 519/313/5 477/280/5
f 2133/313/6 2136/280/6 478/280/6 520/313/6
f 2137/314/1 2138/315/1 515/315/1 517/314/1
f 2138/315/2 2137/314/2 518/314/2 516/315/2
f 2138/315/7 2139/278/7 473/278/7 515/315/7
f 2139/278/8 2138/315/8 516/315/8 474/278/8
f 2139/278/27 2140/279/27 475/279/27 473/278/27
f 2140/279/28 2139/278/28 474/278/28 476/279/28
f 2140/279/5 2137/314/5 517/314/5 475/279/5
f 2137/314/6 2140/279/6 476/279/6 518/314/6
f 2141/315/1 2142/316/1 513/316/1 515/315/1
f 2142/316/2 2141/315/2 516/315/2 514/316/2
f 2142/316/7 2143/277/7 471/277/7 513/316/7
f 2143/277/8 2142/316/8 514/316/8 472/277/8
f 2143/277/27 2144/278/27 473/278/27 471/277/27
f 2144/278/28 2143/277/28 472/277/28 474/278/28
f 2144/278/5 2141/315/5 515/315/5 473/278/5
f 2141/315/6 2144/278/6 474/278/6 516/315/6
f 2145/316/1 2146/317/1 511/317/1 513/316/1
f 2146/317/2 2145/316/2 514/316/2 512/317/2
f 2146/317/7 2147/275/7 469/275/7 511/317/7
f 2147/275/8 2146/317/8 512/317/8 470/275/8
f 2147/275/27 2148/277/27 471/277/27 469/275/27
f 2148/277/28 2147/275/28 470/275/28 472/277/28
f 2148/277/5 2145/316/5 513/316/5 471/277/5
f 2145/316/6 2148/277/6 472/277/6 514/316/6
f 2149/317/1 2150/318/1 861/318/1 511/317/1
f 2150/318/2 2149/317/2 512/317/2 862/318/2
f 2150/318/48 2151/276/48 947/276/48 861/318/48
f 2151/276/50 2150/318/50 862/318/50 948/276/50
f 2151/276/27 2152/275/27 469/275/27 947/276/27
f 2152/275/28 2151/276/28 948/276/28 470/275/28
f 2152/275/5 2149/317/5 511/317/5 469/275/5
f 2149/317/6 2152/275/6 470/275/6 512/317/6
f 2153/319/1 2154/320/1 911/320/1 553/319/1
f 2154/320/2 2153/319/2 554/319/2 912/320/2
f 2154/320/51 2155/318/51 861/318/51 911/320/51
f 2155/318/52 2154/320/52 912/320/52 862/318/52
f 2155/318/27 2156/317/27 511/317/27 861/318/27
f 2156/317/28 2155/318/28 862/318/28 512/317/28
f 2156/317/5 2153/319/5 553/319/5 511/317/5
f 2153/319/6 2156/317/6 512/317/6 554/319/6
f 2157/321/1 2158/319/1 553/319/1 555/321/1
f 2158/319/2 2157/321/2 556/321/2 554/319/2
f 2158/319/7 2159/317/7 511/317/7 553/319/7
f 2159/317/8 2158/319/8 554/319/8 512/317/8
f 2159/317/27 2160/316/27 513/316/27 511/317/27
f 2160/316/28 2159/317/28 512/317/28 514/316/28
f 2160/316/5 2157/321/5 555/321/5 513/316/5
f 2157/321/6 2160/316/6 514/316/6 556/321/6
f 2161/322/1 2162/321/1 555/321/1 557/322/1
f 2162/321/2 2161/322/2 558/322/2 556/321/2
f 2162/321/7 2163/316/7 513/316/7 555/321/7
f 2163/316/8 2162/321/8 556/321/8 514/316/8
f 2163/316/27 2164/315/27 515/315/27 513/316/27
f 2164/315/28 2163/316/28 514/316/28 516/315/28
f 2164/315/5 2161/322/5 557/322/5 515/315/5
f 2161/322/6 2164/315/6 516/315/6 558/322/6
f 2165/323/1 2166/322/1 557/322/1 559/323/1
f 2166/322/2 2165/323/2 560/323/2 558/322/2
f 2166/322/7 2167/315/7 515/315/7 557/322/7
f 2167/315/8 2166/322/8 558/322/8 516/315/8
f 2167/315/27 2168/314/27 517/314/27 515/315/27
f 2168/314/28 2167/315/28 516/315/28 518/314/28
f 2168/314/5 2165/323/5 559/323/5 517/314/5
f 2165/323/6 2168/314/6 518/314/6 560/323/6
f 2169/324/1 2170/323/1 559/323/1 561/324/1
f 2170/323/2 2169/324/2 562/324/2 560/323/2
f 2170/323/7 2171/314/7 517/314/7 559/323/7
f 2171/314/8 2170/323/8 560/323/8 518/314/8
f 2171/314/27 2172/313/27 519/313/27 517/314/27
f 2172/313/28 2171/314/28 518/314/28 520/313/28
f 2172/313/5 2169/324/5 561/324/5 519/313/5
f 2169/324/6 2172/313/6 520/313/6 562/324/6
f 2173/325/1 2174/324/1 561/324/1 563/325/1
f 2174/324/2 2173/325/2 564/325/2 562/324/2
f 2174/324/7 2175/313/7 519/313/7 561/324/7
f 2175/313/8 2174/324/8 562/324/8 520/313/8
f 2175/313/27 2176/312/27 521/312/27 519/313/27
f 2176/312/28 2175/313/28 520/313/28 522/312/28
f 2176/312/5 2173/325/5 563/325/5 521/312/5
f 2173/325/6 2176/312/6 522/312/6 564/325/6
f 2177/326/1 2178/325/1 563/325/1 565/326/1
f 2178/325/2 2177/326/2 566/326/2 564/325/2
f 2178/325/7 2179/312/7 521/312/7 563/325/7
f 2179/312/8 2178/325/8 564/325/8 522/312/8
f 2179/312/27 2180/311/27 523/311/27 521/312/27
f 2180/311/28 2179/312/28 522/312/28 524/311/28
f 2180/311/5 2177/326/5 565/326/5 523/311/5
f 2177/326/6 2180/311/6 524/311/6 566/326/6
f 2181/327/1 2182/326/1 565/326/1 567/327/1
f 2182/326/2 2181/327/2 568/327/2 566/326/2
f 2182/326/7 2183/311/7 523/311/7 565/326/7
f 2183/311/8 2182/326/8 566/326/8 524/311/8
f 2183/311/27 2184/310/27 525/310/27 523/311/27
f 2184/310/28 2183/311/28 524/311/28 526/310/28
f 2184/310/5 2181/327/5 567/327/5 525/310/5
f 2181/327/6 2184/310/6 526/310/6 568/327/6
f 2185/328/1 2186/327/1 567/327/1 569/328/1
f 2186/327/2 2185/328/2 570/328/2 568/327/2
f 2186/327/7 2187/310/7 525/310/7 567/327/7
f 2187/310/8 2186/327/8 568/327/8 526/310/8
f 2187/310/27 2188/309/27 527/309/27 525/310/27
f 2188/309/28 2187/310/28 526/310/28 528/309/28
f 2188/309/5 2185/328/5 569/328/5 527/309/5
f 2185/328/6 2188/309/6 528/309/6 570/328/6
f 2189/329/1 2190/328/1 569/328/1 571/329/1
f 2190/328/2 2189/329/2 572/329/2 570/328/2
f 2190/328/7 2191/309/7 527/309/7 569/328/7
f 2191/309/8 2190/328/8 570/328/8 528/309/8
f 2191/309/27 2192/308/27 529/308/27 527/309/27
f 2192/308/28 2191/309/28 528/309/28 530/308/28
f 2192/308/5 2189/329/5 571/329/5 529/308/5
f 2189/329/6 2192/308/6 530/308/6 572/329/6
f 2193/330/1 2194/329/1 571/329/1 573/330/1
f 2194/329/2 2193/330/2 574/330/2 572/329/2
f 2194/329/7 2195/308/7 529/308/7 571/329/7
f 2195/308/8 2194/329/8 572/329/8 530/308/8
f 2195/308/27 2196/307/27 531/307/27 529/308/27
f 2196/307/28 2195/308/28 530/308/28 532/307/28
f 2196/307/5 2193/330/5 573/330/5 531/307/5
f 2193/330/6 2196/307/6 532/307/6 574/330/6
f 2197/331/1 2198/330/1 573/330/1 575/331/1
f 2198/330/2 2197/331/2 576/331/2 574/330/2
f 2198/330/7 2199/307/7 531/307/7 573/330/7
f 2199/307/8 2198/330/8 574/330/8 532/307/8
f 2199/307/27 2200/306/27 533/306/27 531/307/27
f 2200/306/28 2199/307/28 532/307/28 534/306/28
f 2200/306/5 2197/331/5 575/331/5 533/306/5
f 2197/331/6 2200/306/6 534/306/6 576/331/6
f 2201/332/1 2202/331/1 575/331/1 577/332/1
f 2202/331/2 2201/332/2 578/332/2 576/331/2
f 2202/331/7 2203/306/7 533/306/7 575/331/7
f 2203/306/8 2202/331/8 576/331/8 534/306/8
f 2203/306/27 2204/305/27 535/305/27 533/306/27
f 2204/305/28 2203/306/28 534/306/28 536/305/28
f 2204/305/5 2201/332/5 577/332/5 535/305/5
f 2201/332/6 2204/305/6 536/305/6 578/332/6
f 2205/333/1 2206/332/1 577/332/1 579/333/1
f 2206/332/2 2205/333/2 580/333/2 578/332/2
f 2206/332/7 2207/305/7 535/305/7 577/332/7
f 2207/305/8 2206/332/8 578/332/8 536/305/8
f 2207/305/27 2208/304/27 537/304/27 535/305/27
f 2208/304/28 2207/305/28 536/305/28 538/304/28
f 2208/304/5 2205/333/5 579/333/5 537/304/5
f 2205/333/6 2208/304/6 538/304/6 580/333/6
f 2209/334/1 2210/333/1 579/333/1 581/334/1
f 2210/333/2 2209/334/2 582/334/2 580/333/2
f 2210/333/7 2211/304/7 537/304/7 579/333/7
f 2211/304/8 2210/333/8 580/333/8 538/304/8
f 2211/304/27 2212/303/27 539/303/27 537/304/27
f 2212/303/28 2211/304/28 538/304/28 540/303/28
f 2212/303/5 2209/334/5 581/334/5 539/303/5
f 2209/334/6 2212/303/6 540/303/6 582/334/6
f 2213/335/1 2214/334/1 581/334/1 583/335/1
f 2214/334/2 2213/335/2 584/335/2 582/334/2
f 2214/334/7 2215/303/7 539/303/7 581/334/7
f 2215/303/8 2214/334/8 582/334/8 540/303/8
f 2215/303/27 2216/302/27 541/302/27 539/303/27
f 2216/302/28 2215/303/28 540/303/28 542/302/28
f 2216/302/5 2213/335/5 583/335/5 541/302/5
f 2213/335/6 2216/302/6 542/302/6 584/335/6
f 2217/336/1 2218/335/1 583/335/1 585/336/1
f 2218/335/2 2217/336/2 586/336/2 584/335/2
f 2218/335/7 2219/302/7 541/302/7 583/335/7
f 2219/302/8 2218/335/8 584/335/8 542/302/8
f 2219/302/27 2220/301/27 543/301/27 541/302/27
f 2220/301/28 2219/302/28 542/302/28 544/301/28
f 2220/301/5 2217/336/5 585/336/5 543/301/5
f 2217/336/6 2220/301/6 544/301/6 586/336/6
f 2221/337/1 2222/336/1 585/336/1 587/337/1
f 2222/336/2 2221/337/2 588/337/2 586/336/2
f 2222/336/7 2223/301/7 543/301/7 585/336/7
f 2223/301/8 2222/336/8 586/336/8 544/301/8
f 2223/301/27 2224/300/27 545/300/27 543/301/27
f 2224/300/28 2223/301/28 544/301/28 546/300/28
f 2224/300/5 2221/337/5 587/337/5 545/300/5
f 2221/337/6 2224/300/6 546/300/6 588/337/6
f 2225/338/1 2226/337/1 587/337/1 589/338/1
f 2226/337/2 2225/338/2 590/338/2 588/337/2
f 2226/337/7 2227/300/7 545/300/7 587/337/7
f 2227/300/8 2226/337/8 588/337/8 546/300/8
f 2227/300/27 2228/299/27 547/299/27 545/300/27
f 2228/299/28 2227/300/28 546/300/28 548/299/28
f 2228/299/5 2225/338/5 589/338/5 547/299/5
f 2225/338/6 2228/299/6 548/299/6 590/338/6
f 2229/339/1 2230/338/1 589/338/1 591/339/1
f 2230/338/2 2229/339/2 592/339/2 590/338/2
f 2230/338/7 2231/299/7 547/299/7 589/338/7
f 2231/299/8 2230/338/8 590/338/8 548/299/8
f 2231/299/27 2232/298/27 549/298/27 547/299/27
f 2232/298/28 2231/299/28 548/299/28 550/298/28
f 2232/298/5 2229/339/5 591/339/5 549/298/5
f 2229/339/6 2232/298/6 550/298/6 592/339/6
f 2233/340/1 2234/339/1 591/339/1 593/340/1
f 2234/339/2 2233/340/2 594/340/2 592/339/2
f 2234/339/7 2235/298/7 549/298/7 591/339/7
f 2235/298/8 2234/339/8 592/339/8 550/298/8
f 2235/298/27 2236/297/27 551/297/27 549/298/27
f 2236/297/28 2235/298/28 550/298/28 552/297/28
f 2236/297/5 2233/340/5 593/340/5 551/297/5
f 2233/340/6 2236/297/6 552/297/6 594/340/6
f 2237/341/1 2238/342/1 633/342/1 635/341/1
f 2238/342/2 2237/341/2 636/341/2 634/342/2
f 2238/342/7 2239/339/7 591/339/7 633/342/7
f 2239/339/8 2238/342/8 634/342/8 592/339/8
f 2239/339/27 2240/340/27 593/340/27 591/339/27
f 2240/340/28 2239/339/28 592/339/28 594/340/28
f 2240/340/5 2237/341/5 635/341/5 593/340/5
f 2237/341/6 2240/340/6 594/340/6 636/341/6
f 2241/342/1 2242/343/1 631/343/1 633/342/1
f 2242/343/2 2241/342/2 634/342/2 632/343/2
f 2242/343/7 2243/338/7 589/338/7 631/343/7
f 2243/338/8 2242/343/8 632/343/8 590/338/8
f 2243/338/27 2244/339/27 591/339/27 589/338/27
f 2244/339/28 2243/338/28 590/338/28 592/339/28
f 2244/339/5 2241/342/5 633/342/5 591/339/5
f 2241/342/6 2244/339/6 592/339/6 634/342/6
f 2245/343/1 2246/344/1 629/344/1 631/343/1
f 2246/344/2 2245/343/2 632/343/2 630/344/2
f 2246/344/7 2247/337/7 587/337/7 629/344/7
f 2247/337/8 2246/344/8 630/344/8 588/337/8
f 2247/337/27 2248/338/27 589/338/27 587/337/27
f 2248/338/28 2247/337/28 588/337/28 590/338/28
f 2248/338/5 2245/343/5 631/343/5 589/338/5
f 2245/343/6 2248/338/6 590/338/6 632/343/6
f 2249/344/1 2250/345/1 627/345/1 629/344/1
f 2250/345/2 2249/344/2 630/344/2 628/345/2
f 2250/345/7 2251/336/7 585/336/7 627/345/7
f 2251/336/8 2250/345/8 628/345/8 586/336/8
f 2251/336/27 2252/337/27 587/337/27 585/336/27
f 2252/337/28 2251/336/28 586/336/28 588/337/28
f 2252/337/5 2249/344/5 629/344/5 587/337/5
f 2249/344/6 2252/337/6 588/337/6 630/344/6
f 2253/345/1 2254/346/1 625/346/1 627/345/1
f 2254/346/2 2253/345/2 628/345/2 626/346/2
f 2254/346/7 2255/335/7 583/335/7 625/346/7
f 2255/335/8 2254/346/8 626/346/8 584/335/8
f 2255/335/27 2256/336/27 585/336/27 583/335/27
f 2256/336/28 2255/335/28 584/335/28 586/336/28
f 2256/336/5 2253/345/5 627/345/5 585/336/5
f 2253/345/6 2256/336/6 586/336/6 628/345/6
f 2257/346/1 2258/347/1 623/347/1 625/346/1
f 2258/347/2 2257/346/2 626/346/2 624/347/2
f 2258/347/7 2259/334/7 581/334/7 623/347/7
f 2259/334/8 2258/347/8 624/347/8 582/334/8
f 2259/334/27 2260/335/27 583/335/27 581/334/27
f 2260/335/28 2259/334/28 582/334/28 584/335/28
f 2260/335/5 2257/346/5 625/346/5 583/335/5
f 2257/346/6 2260/335/6 584/335/6 626/346/6
f 2261/347/1 2262/348/1 621/348/1 623/347/1
f 2262/348/2 2261/347/2 624/347/2 622/348/2
f 2262/348/7 2263/333/7 579/333/7 621/348/7
f 2263/333/8 2262/348/8 622/348/8 580/333/8
f 2263/333/27 2264/334/27 581/334/27 579/333/27
f 2264/334/28 2263/333/28 580/333/28 582/334/28
f 2264/334/5 2261/347/5 623/347/5 581/334/5
f 2261/347/6 2264/334/6 582/334/6 624/347/6
f 2265/348/1 2266/349/1 619/349/1 621/348/1
f 2266/349/2 2265/348/2 622/348/2 620/349/2
f 2266/349/7 2267/332/7 577/332/7 619/349/7
f 2267/332/8 2266/349/8 620/349/8 578/332/8
f 2267/332/27 2268/333/27 579/333/27 577/332/27
f 2268/333/28 2267/332/28 578/332/28 580/333/28
f 2268/333/5 2265/348/5 621/348/5 579/333/5
f 2265/348/6 2268/333/6 580/333/6 622/348/6
f 2269/349/1 2270/350/1 617/350/1 619/349/1
f 2270/350/2 2269/349/2 620/349/2 618/350/2
f 2270/350/7 2271/331/7 575/331/7 617/350/7
f 2271/331/8 2270/350/8 618/350/8 576/331/8
f 2271/331/27 2272/332/27 577/332/27 575/331/27
f 2272/332/28 2271/331/28 576/331/28 578/332/28
f 2272/332/5 2269/349/5 619/349/5 577/332/5
f 2269/349/6 2272/332/6 578/332/6 620/349/6
f 2273/350/1 2274/351/1 615/351/1 617/350/1
f 2274/351/2 2273/350/2 618/350/2 616/351/2
f 2274/351/7 2275/330/7 573/330/7 615/351/7
f 2275/330/8 2274/351/8 616/351/8 574/330/8
f 2275/330/27 2276/331/27 575/331/27 573/330/27
f 2276/331/28 2275/330/28 574/330/28 576/331/28
f 2276/331/5 2273/350/5 617/350/5 575/331/5
f 2273/350/6 2276/331/6 576/331/6 618/350/6
f 2277/351/1 2278/352/1 613/352/1 615/351/1
f 2278/352/2 2277/351/2 616/351/2 614/352/2
f 2278/352/7 2279/329/7 571/329/7 613/352/7
f 2279/329/8 2278/352/8 614/352/8 572/329/8
f 2279/329/27 2280/330/27 573/330/27 571/329/27
f 2280/330/28 2279/329/28 572/329/28 574/330/28
f 2280/330/5 2277/351/5 615/351/5 573/330/5
f 2277/351/6 2280/330/6 574/330/6 616/351/6
f 2281/352/1 2282/353/1 611/353/1 613/352/1
f 2282/353/2 2281/352/2 614/352/2 612/353/2
f 2282/353/7 2283/328/7 569/328/7 611/353/7
f 2283/328/8 2282/353/8 612/353/8 570/328/8
f 2283/328/27 2284/329/27 571/329/27 569/328/27
f 2284/329/28 2283/328/28 570/328/28 572/329/28
f 2284/329/5 2281/352/5 613/352/5 571/329/5
f 2281/352/6 2284/329/6 572/329/6 614/352/6
f 2285/353/1 2286/354/1 609/354/1 611/353/1
f 2286/354/2 2285/353/2 612/353/2 610/354/2
f 2286/354/7 2287/327/7 567/327/7 609/354/7
f 2287/327/8 2286/354/8 610/354/8 568/327/8
f 2287/327/27 2288/328/27 569/328/27 567/327/27
f 2288/328/28 2287/327/28 568/327/28 570/328/28
f 2288/328/5 2285/353/5 611/353/5 569/328/5
f 2285/353/6 2288/328/6 570/328/6 612/353/6
f 2289/354/1 2290/355/1 607/355/1 609/354/1
f 2290/355/2 2289/354/2 610/354/2 608/355/2
f 2290/355/7 2291/326/7 565/326/7 607/355/7
f 2291/326/8 2290/355/8 608/355/8 566/326/8
f 2291/326/27 2292/327/27 567/327/27 565/326/27
f 2292/327/28 2291/326/28 566/326/28 568/327/28
f 2292/327/5 2289/354/5 609/354/5 567/327/5
f 2289/354/6 2292/327/6 568/327/6 610/354/6
f 2293/355/1 2294/356/1 605/356/1 607/355/1
f 2294/356/2 2293/355/2 608/355/2 606/356/2
f 2294/356/7 2295/325/7 563/325/7 605/356/7
f 2295/325/8 2294/356/8 606/356/8 564/325/8
f 2295/325/27 2296/326/27 565/326/27 563/325/27
f 2296/326/28 2295/325/28 564/325/28 566/326/28
f 2296/326/5 2293/355/5 607/355/5 565/326/5
f 2293/355/6 2296/326/6 566/326/6 608/355/6
f 2297/356/1 2298/357/1 603/357/1 605/356/1
f 2298/357/2 2297/356/2 606/356/2 604/357/2
f 2298/357/7 2299/324/7 561/324/7 603/357/7
f 2299/324/8 2298/357/8 604/357/8 562/324/8
f 2299/324/27 2300/325/27 563/325/27 561/324/27
f 2300/325/28 2299/324/28 562/324/28 564/325/28
f 2300/325/5 2297/356/5 605/356/5 563/325/5
f 2297/356/6 2300/325/6 564/325/6 606/356/6
f 2301/357/1 2302/358/1 601/358/1 603/357/1
f 2302/358/2 2301/357/2 604/357/2 602/358/2
f 2302/358/7 2303/323/7 559/323/7 601/358/7
f 2303/323/8 2302/358/8 602/358/8 560/323/8
f 2303/323/27 2304/324/27 561/324/27 559/323/27
f 2304/324/28 2303/323/28 560/323/28 562/324/28
f 2304/324/5 2301/357/5 603/357/5 561/324/5
f 2301/357/6 2304/324/6 562/324/6 604/357/6
f 2305/358/1 2306/359/1 599/359/1 601/358/1
f 2306/359/2 2305/358/2 602/358/2 600/359/2
f 2306/359/7 2307/322/7 557/322/7 599/359/7
f 2307/322/8 2306/359/8 600/359/8 558/322/8
f 2307/322/27 2308/323/27 559/323/27 557/322/27
f 2308/323/28 2307/322/28 558/322/28 560/323/28
f 2308/323/5 2305/358/5 601/358/5 559/323/5
f 2305/358/6 2308/323/6 560/323/6 602/358/6
f 2309/359/1 2310/360/1 597/360/1 599/359/1
f 2310/360/2 2309/359/2 600/359/2 598/360/2
f 2310/360/7 2311/321/7 555/321/7 597/360/7
f 2311/321/8 2310/360/8 598/360/8 556/321/8
f 2311/321/27 2312/322/27 557/322/27 555/321/27
f 2312/322/28 2311/321/28 556/321/28 558/322/28
f 2312/322/5 2309/359/5 599/359/5 557/322/5
f 2309/359/6 2312/322/6 558/322/6 600/359/6
f 2313/360/1 2314/361/1 595/361/1 597/360/1
f 2314/361/2 2313/360/2 598/360/2 596/361/2
f 2314/361/7 2315/319/7 553/319/7 595/361/7
f 2315/319/8 2314/361/8 596/361/8 554/319/8
f 2315/319/27 2316/321/27 555/321/27 553/319/27
f 2316/321/28 2315/319/28 554/319/28 556/321/28
f 2316/321/5 2313/360/5 597/360/5 555/321/5
f 2313/360/6 2316/321/6 556/321/6 598/360/6
f 2317/361/1 2318/362/1 885/362/1 595/361/1
f 2318/362/2 2317/361/2 596/361/2 886/362/2
f 2318/362/51 2319/320/51 911/320/51 885/362/51
f 2319/320/52 2318/362/52 886/362/52 912/320/52
f 2319/320/27 2320/319/27 553/319/27 911/320/27
f 2320/319/28 2319/320/28 912/320/28 554/319/28
f 2320/319/5 2317/361/5 595/361/5 553/319/5
f 2317/361/6 2320/319/6 554/319/6 596/361/6
f 2321/363/1 2322/364/1 871/364/1 637/363/1
f 2322/364/2 2321/363/2 638/363/2 872/364/2
f 2322/364/51 2323/362/51 885/362/51 871/364/51
f 2323/362/52 2322/364/52 872/364/52 886/362/52
f 2323/362/27 2324/361/27 595/361/27 885/362/27
f 2324/361/28 2323/362/28 886/362/28 596/361/28
f 2324/361/5 2321/363/5 637/363/5 595/361/5
f 2321/363/6 2324/361/6 596/361/6 638/363/6
f 2325/365/1 2326/363/1 637/363/1 639/365/1
f 2326/363/2 2325/365/2 640/365/2 638/363/2
f 2326/363/7 2327/361/7 595/361/7 637/363/7
f 2327/361/8 2326/363/8 638/363/8 596/361/8
f 2327/361/27 2328/360/27 597/360/27 595/361/27
f 2328/360/28 2327/361/28 596/361/28 598/360/28
f 2328/360/5 2325/365/5 639/365/5 597/360/5
f 2325/365/6 2328/360/6 598/360/6 640/365/6
f 2329/366/1 2330/365/1 639/365/1 641/366/1
f 2330/365/2 2329/366/2 642/366/2 640/365/2
f 2330/365/7 2331/360/7 597/360/7 639/365/7
f 2331/360/8 2330/365/8 640/365/8 598/360/8
f 2331/360/27 2332/359/27 599/359/27 597/360/27
f 2332/359/28 2331/360/28 598/360/28 600/359/28
f 2332/359/5 2329/366/5 641/366/5 599/359/5
f 2329/366/6 2332/359/6 600/359/6 642/366/6
f 2333/367/1 2334/366/1 641/366/1 643/367/1
f 2334/366/2 2333/367/2 644/367/2 642/366/2
f 2334/366/7 2335/359/7 599/359/7 641/366/7
f 2335/359/8 2334/366/8 642/366/8 600/359/8
f 2335/359/27 2336/358/27 601/358/27 599/359/27
f 2336/358/28 2335/359/28 600/359/28 602/358/28
f 2336/358/5 2333/367/5 643/367/5 601/358/5
f 2333/367/6 2336/358/6 602/358/6 644/367/6
f 2337/368/1 2338/367/1 643/367/1 645/368/1
f 2338/367/2 2337/368/2 646/368/2 644/367/2
f 2338/367/7 2339/358/7 601/358/7 643/367/7
f 2339/358/8 2338/367/8 644/367/8 602/358/8
f 2339/358/27 2340/357/27 603/357/27 601/358/27
f 2340/357/28 2339/358/28 602/358/28 604/357/28
f 2340/357/5 2337/368/5 645/368/5 603/357/5
f 2337/368/6 2340/357/6 604/357/6 646/368/6
f 2341/369/1 2342/368/1 645/368/1 647/369/1
f 2342/368/2 2341/369/2 648/369/2 646/368/2
f 2342/368/7 2343/357/7 603/357/7 645/368/7
f 2343/357/8 2342/368/8 646/368/8 604/357/8
f 2343/357/27 2344/356/27 605/356/27 603/357/27
f 2344/356/28 2343/357/28 604/357/28 606/356/28
f 2344/356/5 2341/369/5 647/369/5 605/356/5
f 2341/369/6 2344/356/6 606/356/6 648/369/6
f 2345/370/1 2346/369/1 647/369/1 649/370/1
f 2346/369/2 2345/370/2 650/370/2 648/369/2
f 2346/369/7 2347/356/7 605/356/7 647/369/7
f 2347/356/8 2346/369/8 648/369/8 606/356/8
f 2347/356/27 2348/355/27 607/355/27 605/356/27
f 2348/355/28 2347/356/28 606/356/28 608/355/28
f 2348/355/5 2345/370/5 649/370/5 607/355/5
f 2345/370/6 2348/355/6 608/355/6 650/370/6
f 2349/371/1 2350/370/1 649/370/1 651/371/1
f 2350/370/2 2349/371/2 652/371/2 650/370/2
f 2350/370/7 2351/355/7 607/355/7 649/370/7
f 2351/355/8 2350/370/8 650/370/8 608/355/8
f 2351/355/27 2352/354/27 609/354/27 607/355/27
f 2352/354/28 2351/355/28 608/355/28 610/354/28
f 2352/354/5 2349/371/5 651/371/5 609/354/5
f 2349/371/6 2352/354/6 610/354/6 652/371/6
f 2353/372/1 2354/371/1 651/371/1 653/372/1
f 2354/371/2 2353/372/2 654/372/2 652/371/2
f 2354/371/7 2355/354/7 609/354/7 651/371/7
f 2355/354/8 2354/371/8 652/371/8 610/354/8
f 2355/354/27 2356/353/27 611/353/27 609/354/27
f 2356/353/28 2355/354/28 610/354/28 612/353/28
f 2356/353/5 2353/372/5 653/372/5 611/353/5
f 2353/372/6 2356/353/6 612/353/6 654/372/6
f 2357/373/1 2358/372/1 653/372/1 655/373/1
f 2358/372/2 2357/373/2 656/373/2 654/372/2
f 2358/372/7 2359/353/7 611/353/7 653/372/7
f 2359/353/8 2358/372/8 654/372/8 612/353/8
f 2359/353/27 2360/352/27 613/352/27 611/353/27
f 2360/352/28 2359/353/28 612/353/28 614/352/28
f 2360/352/5 2357/373/5 655/373/5 613/352/5
f 2357/373/6 2360/352/6 614/352/6 656/373/6
f 2361/374/1 2362/373/1 655/373/1 657/374/1
f 2362/373/2 2361/374/2 658/374/2 656/373/2
f 2362/373/7 2363/352/7 613/352/7 655/373/7
f 2363/352/8 2362/373/8 656/373/8 614/352/8
f 2363/352/27 2364/351/27 615/351/27 613/352/27
f 2364/351/28 2363/352/28 614/352/28 616/351/28
f 2364/351/5 2361/374/5 657/374/5 615/351/5
f 2361/374/6 2364/351/6 616/351/6 658/374/6
f 2365/375/1 2366/374/1 657/374/1 659/375/1
f 2366/374/2 2365/375/2 660/375/2 658/374/2
f 2366/374/7 2367/351/7 615/351/7 657/374/7
f 2367/351/8 2366/374/8 658/374/8 616/351/8
f 2367/351/27 2368/350/27 617/350/27 615/351/27
f 2368/350/28 2367/351/28 616/351/28 618/350/28
f 2368/350/5 2365/375/5 659/375/5 617/350/5
f 2365/375/6 2368/350/6 618/350/6 660/375/6
f 2369/376/1 2370/375/1 659/375/1 661/376/1
f 2370/375/2 2369/376/2 662/376/2 660/375/2
f 2370/375/7 2371/350/7 617/350/7 659/375/7
f 2371/350/8 2370/375/8 660/375/8 618/350/8
f 2371/350/27 2372/349/27 619/349/27 617/350/27
f 2372/349/28 2371/350/28 618/350/28 620/349/28
f 2372/349/5 2369/376/5 661/376/5 619/349/5
f 2369/376/6 2372/349/6 620/349/6 662/376/6
f 2373/377/1 2374/376/1 661/376/1 663/377/1
f 2374/376/2 2373/377/2 664/377/2 662/376/2
f 2374/376/7 2375/349/7 619/349/7 661/376/7
f 2375/349/8 2374/376/8 662/376/8 620/349/8
f 2375/349/27 2376/348/27 621/348/27 619/349/27
f 2376/348/28 2375/349/28 620/349/28 622/348/28
f 2376/348/5 2373/377/5 663/377/5 621/348/5
f 2373/377/6 2376/348/6 622/348/6 664/377/6
f 2377/378/1 2378/377/1 663/377/1 665/378/1
f 2378/377/2 2377/378/2 666/378/2 664/377/2
f 2378/377/7 2379/348/7 621/348/7 663/377/7
f 2379/348/8 2378/377/8 664/377/8 622/348/8
f 2379/348/27 2380/347/27 623/347/27 621/348/27
f 2380/347/28 2379/348/28 622/348/28 624/347/28
f 2380/347/5 2377/378/5 665/378/5 623/347/5
f 2377/378/6 2380/347/6 624/347/6 666/378/6
f 2381/379/1 2382/378/1 665/378/1 667/379/1
f 2382/378/2 2381/379/2 668/379/2 666/378/2
f 2382/378/7 2383/347/7 623/347/7 665/378/7
f 2383/347/8 2382/378/8 666/378/8 624/347/8
f 2383/347/27 2384/346/27 625/346/27 623/347/27
f 2384/346/28 2383/347/28 624/347/28 626/346/28
f 2384/346/5 2381/379/5 667/379/5 625/346/5
f 2381/379/6 2384/346/6 626/346/6 668/379/6
f 2385/380/1 2386/379/1 667/379/1 669/380/1
f 2386/379/2 2385/380/2 670/380/2 668/379/2
f 2386/379/7 2387/346/7 625/346/7 667/379/7
f 2387/346/8 2386/379/8 668/379/8 626/346/8
f 2387/346/27 2388/345/27 627/345/27 625/346/27
f 2388/345/28 2387/346/28 626/346/28 628/345/28
f 2388/345/5 2385/380/5 669/380/5 627/345/5
f 2385/380/6 2388/345/6 628/345/6 670/380/6
f 2389/381/1 2390/380/1 669/380/1 671/381/1
f 2390/380/2 2389/381/2 672/381/2 670/380/2
f 2390/380/7 2391/345/7 627/345/7 669/380/7
f 2391/345/8 2390/380/8 670/380/8 628/345/8
f 2391/345/27 2392/344/27 629/344/27 627/345/27
f 2392/344/28 2391/345/28 628/345/28 630/344/28
f 2392/344/5 2389/381/5 671/381/5 629/344/5
f 2389/381/6 2392/344/6 630/344/6 672/381/6
f 2393/382/1 2394/381/1 671/381/1 673/382/1
f 2394/381/2 2393/382/2 674/382/2 672/381/2
f 2394/381/7 2395/344/7 629/344/7 671/381/7
f 2395/344/8 2394/381/8 672/381/8 630/344/8
f 2395/344/27 2396/343/27 631/343/27 629/344/27
f 2396/343/28 2395/344/28 630/344/28 632/343/28
f 2396/343/5 2393/382/5 673/382/5 631/343/5
f 2393/382/6 2396/343/6 632/343/6 674/382/6
f 2397/383/1 2398/382/1 673/382/1 675/383/1
f 2398/382/2 2397/383/2 676/383/2 674/382/2
f 2398/382/7 2399/343/7 631/343/7 673/382/7
f 2399/343/8 2398/382/8 674/382/8 632/343/8
f 2399/343/27 2400/342/27 633/342/27 631/343/27
f 2400/342/28 2399/343/28 632/343/28 634/342/28
f 2400/342/5 2397/383/5 675/383/5 633/342/5
f 2397/383/6 2400/342/6 634/342/6 676/383/6
f 2401/384/1 2402/383/1 675/383/1 677/384/1
f 2402/383/2 2401/384/2 678/384/2 676/383/2
f 2402/383/7 2403/342/7 633/342/7 675/383/7
f 2403/342/8 2402/383/8 676/383/8 634/342/8
f 2403/342/27 2404/341/27 635/341/27 633/342/27
f 2404/341/28 2403/342/28 634/342/28 636/341/28
f 2404/341/5 2401/384/5 677/384/5 635/341/5
f 2401/384/6 2404/341/6 636/341/6 678/384/6
f 2405/385/1 2406/386/1 715/386/1 717/385/1
f 2406/386/2 2405/385/2 718/385/2 716/386/2
f 2406/386/7 2407/382/7 673/382/7 715/386/7
f 2407/382/8 2406/386/8 716/386/8 674/382/8
f 2407/382/27 2408/383/27 675/383/27 673/382/27
f 2408/383/28 2407/382/28 674/382/28 676/383/28
f 2408/383/5 2405/385/5 717/385/5 675/383/5
f 2405/385/6 2408/383/6 676/383/6 718/385/6
f 2409/386/1 2410/387/1 713/387/1 715/386/1
f 2410/387/2 2409/386/2 716/386/2 714/387/2
f 2410/387/7 2411/381/7 671/381/7 713/387/7
f 2411/381/8 2410/387/8 714/387/8 672/381/8
f 2411/381/27 2412/382/27 673/382/27 671/381/27
f 2412/382/28 2411/381/28 672/381/28 674/382/28
f 2412/382/5 2409/386/5 715/386/5 673/382/5
f 2409/386/6 2412/382/6 674/382/6 716/386/6
f 2413/387/1 2414/388/1 711/388/1 713/387/1
f 2414/388/2 2413/387/2 714/387/2 712/388/2
f 2414/388/7 2415/380/7 669/380/7 711/388/7
f 2415/380/8 2414/388/8 712/388/8 670/380/8
f 2415/380/27 2416/381/27 671/381/27 669/380/27
f 2416/381/28 2415/380/28 670/380/28 672/381/28
f 2416/381/5 2413/387/5 713/387/5 671/381/5
f 2413/387/6 2416/381/6 672/381/6 714/387/6
f 2417/388/1 2418/389/1 709/389/1 711/388/1
f 2418/389/2 2417/388/2 712/388/2 710/389/2
f 2418/389/7 2419/379/7 667/379/7 709/389/7
f 2419/379/8 2418/389/8 710/389/8 668/379/8
f 2419/379/27 2420/380/27 669/380/27 667/379/27
f 2420/380/28 2419/379/28 668/379/28 670/380/28
f 2420/380/5 2417/388/5 711/388/5 669/380/5
f 2417/388/6 2420/380/6 670/380/6 712/388/6
f 2421/389/1 2422/390/1 707/390/1 709/389/1
f 2422/390/2 2421/389/2 710/389/2 708/390/2
f 2422/390/7 2423/378/7 665/378/7 707/390/7
f 2423/378/8 2422/390/8 708/390/8 666/378/8
f 2423/378/27 2424/379/27 667/379/27 665/378/27
f 2424/379/28 2423/378/28 666/378/28 668/379/28
f 2424/379/5 2421/389/5 709/389/5 667/379/5
f 2421/389/6 2424/379/6 668/379/6 710/389/6
f 2425/390/1 2426/391/1 705/391/1 707/390/1
f 2426/391/2 2425/390/2 708/390/2 706/391/2
f 2426/391/7 2427/377/7 663/377/7 705/391/7
f 2427/377/8 2426/391/8 706/391/8 664/377/8
f 2427/377/27 2428/378/27 665/378/27 663/377/27
f 2428/378/28 2427/377/28 664/377/28 666/378/28
f 2428/378/5 2425/390/5 707/390/5 665/378/5
f 2425/390/6 2428/378/6 666/378/6 708/390/6
f 2429/391/1 2430/392/1 703/392/1 705/391/1
f 2430/392/2 2429/391/2 706/391/2 704/392/2
f 2430/392/7 2431/376/7 661/376/7 703/392/7
f 2431/376/8 2430/392/8 704/392/8 662/376/8
f 2431/376/27 2432/377/27 663/377/27 661/376/27
f 2432/377/28 2431/376/28 662/376/28 664/377/28
f 2432/377/5 2429/391/5 705/391/5 663/377/5
f 2429/391/6 2432/377/6 664/377/6 706/391/6
f 2433/392/1 2434/393/1 701/393/1 703/392/1
f 2434/393/2 2433/392/2 704/392/2 702/393/2
f 2434/393/7 2435/375/7 659/375/7 701/393/7
f 2435/375/8 2434/393/8 702/393/8 660/375/8
f 2435/375/27 2436/376/27 661/376/27 659/375/27
f 2436/376/28 2435/375/28 660/375/28 662/376/28
f 2436/376/5 2433/392/5 703/392/5 661/376/5
f 2433/392/6 2436/376/6 662/376/6 704/392/6
f 2437/393/1 2438/394/1 699/394/1 701/393/1
f 2438/394/2 2437/393/2 702/393/2 700/394/2
f 2438/394/7 2439/374/7 657/374/7 699/394/7
f 2439/374/8 2438/394/8 700/394/8 658/374/8
f 2439/374/27 2440/375/27 659/375/27 657/374/27
f 2440/375/28 2439/374/28 658/374/28 660/375/28
f 2440/375/5 2437/393/5 701/393/5 659/375/5
f 2437/393/6 2440/375/6 660/375/6 702/393/6
f 2441/394/1 2442/395/1 697/395/1 699/394/1
f 2442/395/2 2441/394/2 700/394/2 698/395/2
f 2442/395/7 2443/373/7 655/373/7 697/395/7
f 2443/373/8 2442/395/8 698/395/8 656/373/8
f 2443/373/27 2444/374/27 657/374/27 655/373/27
f 2444/374/28 2443/373/28 656/373/28 658/374/28
f 2444/374/5 2441/394/5 699/394/5 657/374/5
f 2441/394/6 2444/374/6 658/374/6 700/394/6
f 2445/395/1 2446/396/1 695/396/1 697/395/1
f 2446/396/2 2445/395/2 698/395/2 696/396/2
f 2446/396/7 2447/372/7 653/372/7 695/396/7
f 2447/372/8 2446/396/8 696/396/8 654/372/8
f 2447/372/27 2448/373/27 655/373/27 653/372/27
f 2448/373/28 2447/372/28 654/372/28 656/373/28
f 2448/373/5 2445/395/5 697/395/5 655/373/5
f 2445/395/6 2448/373/6 656/373/6 698/395/6
f 2449/396/1 2450/397/1 693/397/1 695/396/1
f 2450/397/2 2449/396/2 696/396/2 694/397/2
f 2450/397/7 2451/371/7 651/371/7 693/397/7
f 2451/371/8 2450/397/8 694/397/8 652/371/8
f 2451/371/27 2452/372/27 653/372/27 651/371/27
f 2452/372/28 2451/371/28 652/371/28 654/372/28
f 2452/372/5 2449/396/5 695/396/5 653/372/5
f 2449/396/6 2452/372/6 654/372/6 696/396/6
f 2453/397/1 2454/398/1 691/398/1 693/397/1
f 2454/398/2 2453/397/2 694/397/2 692/398/2
f 2454/398/7 2455/370/7 649/370/7 691/398/7
f 2455/370/8 2454/398/8 692/398/8 650/370/8
f 2455/370/27 2456/371/27 651/371/27 649/370/27
f 2456/371/28 2455/370/28 650/370/28 652/371/28
f 2456/371/5 2453/397/5 693/397/5 651/371/5
f 2453/397/6 2456/371/6 652/371/6 694/397/6
f 2457/398/1 2458/399/1 689/399/1 691/398/1
f 2458/399/2 2457/398/2 692/398/2 690/399/2
f 2458/399/7 2459/369/7 647/369/7 689/399/7
f 2459/369/8 2458/399/8 690/399/8 648/369/8
f 2459/369/27 2460/370/27 649/370/27 647/369/27
f 2460/370/28 2459/369/28 648/369/28 650/370/28
f 2460/370/5 2457/398/5 691/398/5 649/370/5
f 2457/398/6 2460/370/6 650/370/6 692/398/6
f 2461/399/1 2462/400/1 687/400/1 689/399/1
f 2462/400/2 2461/399/2 690/399/2 688/400/2
f 2462/400/7 2463/368/7 645/368/7 687/400/7
f 2463/368/8 2462/400/8 688/400/8 646/368/8
f 2463/368/27 2464/369/27 647/369/27 645/368/27
f 2464/369/28 2463/368/28 646/368/28 648/369/28
f 2464/369/5 2461/399/5 689/399/5 647/369/5
f 2461/399/6 2464/369/6 648/369/6 690/399/6
f 2465/400/1 2466/401/1 685/401/1 687/400/1
f 2466/401/2 2465/400/2 688/400/2 686/401/2
f 2466/401/7 2467/367/7 643/367/7 685/401/7
f 2467/367/8 2466/401/8 686/401/8 644/367/8
f 2467/367/27 2468/368/27 645/368/27 643/367/27
f 2468/368/28 2467/367/28 644/367/28 646/368/28
f 2468/368/5 2465/400/5 687/400/5 645/368/5
f 2465/400/6 2468/368/6 646/368/6 688/400/6
f 2469/401/1 2470/402/1 683/402/1 685/401/1
f 2470/402/2 2469/401/2 686/401/2 684/402/2
f 2470/402/7 2471/366/7 641/366/7 683/402/7
f 2471/366/8 2470/402/8 684/402/8 642/366/8
f 2471/366/27 2472/367/27 643/367/27 641/366/27
f 2472/367/28 2471/366/28 642/366/28 644/367/28
f 2472/367/5 2469/401/5 685/401/5 643/367/5
f 2469/401/6 2472/367/6 644/367/6 686/401/6
f 2473/402/1 2474/403/1 681/403/1 683/402/1
f 2474/403/2 2473/402/2 684/402/2 682/403/2
f 2474/403/7 2475/365/7 639/365/7 681/403/7
f 2475/365/8 2474/403/8 682/403/8 640/365/8
f 2475/365/27 2476/366/27 641/366/27 639/365/27
f 2476/366/28 2475/365/28 640/365/28 642/366/28
f 2476/366/5 2473/402/5 683/402/5 641/366/5
f 2473/402/6 2476/366/6 642/366/6 684/402/6
f 2477/403/1 2478/404/1 679/404/1 681/403/1
f 2478/404/2 2477/403/2 682/403/2 680/404/2
f 2478/404/7 2479/363/7 637/363/7 679/404/7
f 2479/363/8 2478/404/8 680/404/8 638/363/8
f 2479/363/27 2480/365/27 639/365/27 637/363/27
f 2480/365/28 2479/363/28 638/363/28 640/365/28
f 2480/365/5 2477/403/5 681/403/5 639/365/5
f 2477/403/6 2480/365/6 640/365/6 682/403/6
f 2481/404/1 2482/405/1 943/405/1 679/404/1
f 2482/405/2 2481/404/2 680/404/2 944/405/2
f 2482/405/53 2483/364/53 871/364/53 943/405/53
f 2483/364/54 2482/405/54 944/405/54 872/364/54
f 2483/364/27 2484/363/27 637/363/27 871/364/27
f 2484/363/28 2483/364/28 872/364/28 638/363/28
f 2484/363/5 2481/404/5 679/404/5 637/363/5
f 2481/404/6 2484/363/6 638/363/6 680/404/6
f 2485/406/1 2486/407/1 997/407/1 719/406/1
f 2486/407/2 2485/406/2 720/406/2 998/407/2
f 2486/407/53 2487/405/53 943/405/53 997/407/53
f 2487/405/54 2486/407/54 998/407/54 944/405/54
f 2487/405/27 2488/404/27 679/404/27 943/405/27
f 2488/404/28 2487/405/28 944/405/28 680/404/28
f 2488/404/5 2485/406/5 719/406/5 679/404/5
f 2485/406/6 2488/404/6 680/404/6 720/406/6
f 2489/408/1 2490/406/1 719/406/1 721/408/1
f 2490/406/2 2489/408/2 722/408/2 720/406/2
f 2490/406/7 2491/404/7 679/404/7 719/406/7
f 2491/404/8 2490/406/8 720/406/8 680/404/8
f 2491/404/27 2492/403/27 681/403/27 679/404/27
f 2492/403/28 2491/404/28 680/404/28 682/403/28
f 2492/403/5 2489/408/5 721/408/5 681/403/5
f 2489/408/6 2492/403/6 682/403/6 722/408/6
f 2493/409/1 2494/408/1 721/408/1 723/409/1
f 2494/408/2 2493/409/2 724/409/2 722/408/2
f 2494/408/7 2495/403/7 681/403/7 721/408/7
f 2495/403/8 2494/408/8 722/408/8 682/403/8
f 2495/403/27 2496/402/27 683/402/27 681/403/27
f 2496/402/28 2495/403/28 682/403/28 684/402/28
f 2496/402/5 2493/409/5 723/409/5 683/402/5
f 2493/409/6 2496/402/6 684/402/6 724/409/6
f 2497/410/1 2498/409/1 723/409/1 725/410/1
f 2498/409/2 2497/410/2 726/410/2 724/409/2
f 2498/409/7 2499/402/7 683/402/7 723/409/7
f 2499/402/8 2498/409/8 724/409/8 684/402/8
f 2499/402/27 2500/401/27 685/401/27 683/402/27
f 2500/401/28 2499/402/28 684/402/28 686/401/28
f 2500/401/5 2497/410/5 725/410/5 685/401/5
f 2497/410/6 2500/401/6 686/401/6 726/410/6
f 2501/411/1 2502/410/1 725/410/1 727/411/1
f 2502/410/2 2501/411/2 728/411/2 726/410/2
f 2502/410/7 2503/401/7 685/401/7 725/410/7
f 2503/401/8 2502/410/8 726/410/8 686/401/8
f 2503/401/27 2504/400/27 687/400/27 685/401/27
f 2504/400/28 2503/401/28 686/401/28 688/400/28
f 2504/400/5 2501/411/5 727/411/5 687/400/5
f 2501/411/6 2504/400/6 688/400/6 728/411/6
f 2505/412/1 2506/411/1 727/411/1 729/412/1
f 2506/411/2 2505/412/2 730/412/2 728/411/2
f 2506/411/7 2507/400/7 687/400/7 727/411/7
f 2507/400/8 2506/411/8 728/411/8 688/400/8
f 2507/400/27 2508/399/27 689/399/27 687/400/27
f 2508/399/28 2507/400/28 688/400/28 690/399/28
f 2508/399/5 2505/412/5 729/412/5 689/399/5
f 2505/412/6 2508/399/6 690/399/6 730/412/6
f 2509/413/1 2510/412/1 729/412/1 731/413/1
f 2510/412/2 2509/413/2 732/413/2 730/412/2
f 2510/412/7 2511/399/7 689/399/7 729/412/7
f 2511/399/8 2510/412/8 730/412/8 690/399/8
f 2511/399/27 2512/398/27 691/398/27 689/399/27
f 2512/398/28 2511/399/28 690/399/28 692/398/28
f 2512/398/5 2509/413/5 731/413/5 691/398/5
f 2509/413/6 2512/398/6 692/398/6 732/413/6
f 2513/414/1 2514/413/1 731/413/1 733/414/1
f 2514/413/2 2513/414/2 734/414/2 732/413/2
f 2514/413/7 2515/398/7 691/398/7 731/413/7
f 2515/398/8 2514/413/8 732/413/8 692/398/8
f 2515/398/27 2516/397/27 693/397/27 691/398/27
f 2516/397/28 2515/398/28 692/398/28 694/397/28
f 2516/397/5 2513/414/5 733/414/5 693/397/5
f 2513/414/6 2516/397/6 694/397/6 734/414/6
f 2517/415/1 2518/414/1 733/414/1 735/415/1
f 2518/414/2 2517/415/2 736/415/2 734/414/2
f 2518/414/7 2519/397/7 693/397/7 733/414/7
f 2519/397/8 2518/414/8 734/414/8 694/397/8
f 2519/397/27 2520/396/27 695/396/27 693/397/27
f 2520/396/28 2519/397/28 694/397/28 696/396/28
f 2520/396/5 2517/415/5 735/415/5 695/396/5
f 2517/415/6 2520/396/6 696/396/6 736/415/6
f 2521/416/1 2522/415/1 735/415/1 737/416/1
f 2522/415/2 2521/416/2 738/416/2 736/415/2
f 2522/415/7 2523/396/7 695/396/7 735/415/7
f 2523/396/8 2522/415/8 736/415/8 696/396/8
f 2523/396/27 2524/395/27 697/395/27 695/396/27
f 2524/395/28 2523/396/28 696/396/28 698/395/28
f 2524/395/5 2521/416/5 737/416/5 697/395/5
f 2521/416/6 2524/395/6 698/395/6 738/416/6
f 2525/417/1 2526/416/1 737/416/1 739/417/1
f 2526/416/2 2525/417/2 740/417/2 738/416/2
f 2526/416/7 2527/395/7 697/395/7 737/416/7
f 2527/395/8 2526/416/8 738/416/8 698/395/8
f 2527/395/27 2528/394/27 699/394/27 697/395/27
f 2528/394/28 2527/395/28 698/395/28 700/394/28
f 2528/394/5 2525/417/5 739/417/5 699/394/5
f 2525/417/6 2528/394/6 700/394/6 740/417/6
f 2529/418/1 2530/417/1 739/417/1 741/418/1
f 2530/417/2 2529/418/2 742/418/2 740/417/2
f 2530/417/7 2531/394/7 699/394/7 739/417/7
f 2531/394/8 2530/417/8 740/417/8 700/394/8
f 2531/394/27 2532/393/27 701/393/27 699/394/27
f 2532/393/28 2531/394/28 700/394/28 702/393/28
f 2532/393/5 2529/418/5 741/418/5 701/393/5
f 2529/418/6 2532/393/6 702/393/6 742/418/6
f 2533/419/1 2534/418/1 741/418/1 743/419/1
f 2534/418/2 2533/419/2 744/419/2 742/418/2
f 2534/418/7 2535/393/7 701/393/7 741/418/7
f 2535/393/8 2534/418/8 742/418/8 702/393/8
f 2535/393/27 2536/392/27 703/392/27 701/393/27
f 2536/392/28 2535/393/28 702/393/28 704/392/28
f 2536/392/5 2533/419/5 743/419/5 703/392/5
f 2533/419/6 2536/392/6 704/392/6 744/419/6
f 2537/420/1 2538/419/1 743/419/1 745/420/1
f 2538/419/2 2537/420/2 746/420/2 744/419/2
f 2538/419/7 2539/392/7 703/392/7 743/419/7
f 2539/392/8 2538/419/8 744/419/8 704/392/8
f 2539/392/27 2540/391/27 705/391/27 703/392/27
f 2540/391/28 2539/392/28 704/392/28 706/391/28
f 2540/391/5 2537/420/5 745/420/5 705/391/5
f 2537/420/6 2540/391/6 706/391/6 746/420/6
f 2541/421/1 2542/420/1 745/420/1 747/421/1
f 2542/420/2 2541/421/2 748/421/2 746/420/2
f 2542/420/7 2543/391/7 705/391/7 745/420/7
f 2543/391/8 2542/420/8 746/420/8 706/391/8
f 2543/391/27 2544/390/27 707/390/27 705/391/27
f 2544/390/28 2543/391/28 706/391/28 708/390/28
f 2544/390/5 2541/421/5 747/421/5 707/390/5
f 2541/421/6 2544/390/6 708/390/6 748/421/6
f 2545/422/1 2546/421/1 747/421/1 749/422/1
f 2546/421/2 2545/422/2 750/422/2 748/421/2
f 2546/421/7 2547/390/7 707/390/7 747/421/7
f 2547/390/8 2546/421/8 748/421/8 708/390/8
f 2547/390/27 2548/389/27 709/389/27 707/390/27
f 2548/389/28 2547/390/28 708/390/28 710/389/28
f 2548/389/5 2545/422/5 749/422/5 709/389/5
f 2545/422/6 2548/389/6 710/389/6 750/422/6
f 2549/423/1 2550/422/1 749/422/1 751/423/1
f 2550/422/2 2549/423/2 752/423/2 750/422/2
f 2550/422/7 2551/389/7 709/389/7 749/422/7
f 2551/389/8 2550/422/8 750/422/8 710/389/8
f 2551/389/27 2552/388/27 711/388/27 709/389/27
f 2552/388/28 2551/389/28 710/389/28 712/388/28
f 2552/388/5 2549/423/5 751/423/5 711/388/5
f 2549/423/6 2552/388/6 712/388/6 752/423/6
f 2553/424/1 2554/423/1 751/423/1 753/424/1
f 2554/423/2 2553/424/2 754/424/2 752/423/2
f 2554/423/7 2555/388/7 711/388/7 751/423/7
f 2555/388/8 2554/423/8 752/423/8 712/388/8
f 2555/388/27 2556/387/27 713/387/27 711/388/27
f 2556/387/28 2555/388/28 712/388/28 714/387/28
f 2556/387/5 2553/424/5 753/424/5 713/387/5
f 2553/424/6 2556/387/6 714/387/6 754/424/6
f 2557/425/1 2558/424/1 753/424/1 755/425/1
f 2558/424/2 2557/425/2 756/425/2 754/424/2
f 2558/424/7 2559/387/7 713/387/7 753/424/7
f 2559/387/8 2558/424/8 754/424/8 714/387/8
f 2559/387/27 2560/386/27 715/386/27 713/387/27
f 2560/386/28 2559/387/28 714/387/28 716/386/28
f 2560/386/5 2557/425/5 755/425/5 715/386/5
f 2557/425/6 2560/386/6 716/386/6 756/425/6
f 2561/426/1 2562/427/1 789/427/1 791/426/1
f 2562/427/2 2561/426/2 792/426/2 790/427/2
f 2562/427/7 2563/423/7 751/423/7 789/427/7
f 2563/423/8 2562/427/8 790/427/8 752/423/8
f 2563/423/27 2564/424/27 753/424/27 751/423/27
f 2564/424/28 2563/423/28 752/423/28 754/424/28
f 2564/424/5 2561/426/5 791/426/5 753/424/5
f 2561/426/6 2564/424/6 754/424/6 792/426/6
f 2565/427/1 2566/428/1 787/428/1 789/427/1
f 2566/428/2 2565/427/2 790/427/2 788/428/2
f 2566/428/7 2567/422/7 749/422/7 787/428/7
f 2567/422/8 2566/428/8 788/428/8 750/422/8
f 2567/422/27 2568/423/27 751/423/27 749/422/27
f 2568/423/28 2567/422/28 750/422/28 752/423/28
f 2568/423/5 2565/427/5 789/427/5 751/423/5
f 2565/427/6 2568/423/6 752/423/6 790/427/6
f 2569/428/1 2570/429/1 785/429/1 787/428/1
f 2570/429/2 2569/428/2 788/428/2 786/429/2
f 2570/429/7 2571/421/7 747/421/7 785/429/7
f 2571/421/8 2570/429/8 786/429/8 748/421/8
f 2571/421/27 2572/422/27 749/422/27 747/421/27
f 2572/422/28 2571/421/28 748/421/28 750/422/28
f 2572/422/5 2569/428/5 787/428/5 749/422/5
f 2569/428/6 2572/422/6 750/422/6 788/428/6
f 2573/429/1 2574/430/1 783/430/1 785/429/1
f 2574/430/2 2573/429/2 786/429/2 784/430/2
f 2574/430/7 2575/420/7 745/420/7 783/430/7
f 2575/420/8 2574/430/8 784/430/8 746/420/8
f 2575/420/27 2576/421/27 747/421/27 745/420/27
f 2576/421/28 2575/420/28 746/420/28 748/421/28
f 2576/421/5 2573/429/5 785/429/5 747/421/5
f 2573/429/6 2576/421/6 748/421/6 786/429/6
f 2577/430/1 2578/431/1 781/431/1 783/430/1
f 2578/431/2 2577/430/2 784/430/2 782/431/2
f 2578/431/7 2579/419/7 743/419/7 781/431/7
f 2579/419/8 2578/431/8 782/431/8 744/419/8
f 2579/419/27 2580/420/27 745/420/27 743/419/27
f 2580/420/28 2579/419/28 744/419/28 746/420/28
f 2580/420/5 2577/430/5 783/430/5 745/420/5
f 2577/430/6 2580/420/6 746/420/6 784/430/6
f 2581/431/1 2582/432/1 779/432/1 781/431/1
f 2582/432/2 2581/431/2 782/431/2 780/432/2
f 2582/432/7 2583/418/7 741/418/7 779/432/7
f 2583/418/8 2582/432/8 780/432/8 742/418/8
f 2583/418/27 2584/419/27 743/419/27 741/418/27
f 2584/419/28 2583/418/28 742/418/28 744/419/28
f 2584/419/5 2581/431/5 781/431/5 743/419/5
f 2581/431/6 2584/419/6 744/419/6 782/431/6
f 2585/432/1 2586/433/1 777/433/1 779/432/1
f 2586/433/2 2585/432/2 780/432/2 778/433/2
f 2586/433/7 2587/417/7 739/417/7 777/433/7
f 2587/417/8 2586/433/8 778/433/8 740/417/8
f 2587/417/27 2588/418/27 741/418/27 739/417/27
f 2588/418/28 2587/417/28 740/417/28 742/418/28
f 2588/418/5 2585/432/5 779/432/5 741/418/5
f 2585/432/6 2588/418/6 742/418/6 780/432/6
f 2589/433/1 2590/434/1 775/434/1 777/433/1
f 2590/434/2 2589/433/2 778/433/2 776/434/2
f 2590/434/7 2591/416/7 737/416/7 775/434/7
f 2591/416/8 2590/434/8 776/434/8 738/416/8
f 2591/416/27 2592/417/27 739/417/27 737/416/27
f 2592/417/28 2591/416/28 738/416/28 740/417/28
f 2592/417/5 2589/433/5 777/433/5 739/417/5
f 2589/433/6 2592/417/6 740/417/6 778/433/6
f 2593/434/1 2594/435/1 773/435/1 775/434/1
f 2594/435/2 2593/434/2 776/434/2 774/435/2
f 2594/435/7 2595/415/7 735/415/7 773/435/7
f 2595/415/8 2594/435/8 774/435/8 736/415/8
f 2595/415/27 2596/416/27 737/416/27 735/415/27
f 2596/416/28 2595/415/28 736/415/28 738/416/28
f 2596/416/5 2593/434/5 775/434/5 737/416/5
f 2593/434/6 2596/416/6 738/416/6 776/434/6
f 2597/435/1 2598/436/1 771/436/1 773/435/1
f 2598/436/2 2597/435/2 774/435/2 772/436/2
f 2598/436/7 2599/414/7 733/414/7 771/436/7
f 2599/414/8 2598/436/8 772/436/8 734/414/8
f 2599/414/27 2600/415/27 735/415/27 733/414/27
f 2600/415/28 2599/414/28 734/414/28 736/415/28
f 2600/415/5 2597/435/5 773/435/5 735/415/5
f 2597/435/6 2600/415/6 736/415/6 774/435/6
f 2601/436/1 2602/437/1 769/437/1 771/436/1
f 2602/437/2 2601/436/2 772/436/2 770/437/2
f 2602/437/7 2603/413/7 731/413/7 769/437/7
f 2603/413/8 2602/437/8 770/437/8 732/413/8
f 2603/413/27 2604/414/27 733/414/27 731/413/27
f 2604/414/28 2603/413/28 732/413/28 734/414/28
f 2604/414/5 2601/436/5 771/436/5 733/414/5
f 2601/436/6 2604/414/6 734/414/6 772/436/6
f 2605/437/1 2606/438/1 767/438/1 769/437/1
f 2606/438/2 2605/437/2 770/437/2 768/438/2
f 2606/438/7 2607/412/7 729/412/7 767/438/7
f 2607/412/8 2606/438/8 768/438/8 730/412/8
f 2607/412/27 2608/413/27 731/413/27 729/412/27
f 2608/413/28 2607/412/28 730/412/28 732/413/28
f 2608/413/5 2605/437/5 769/437/5 731/413/5
f 2605/437/6 2608/413/6 732/413/6 770/437/6
f 2609/438/1 2610/439/1 765/439/1 767/438/1
f 2610/439/2 2609/438/2 768/438/2 766/439/2
f 2610/439/7 2611/411/7 727/411/7 765/439/7
f 2611/411/8 2610/439/8 766/439/8 728/411/8
f 2611/411/27 2612/412/27 729/412/27 727/411/27
f 2612/412/28 2611/411/28 728/411/28 730/412/28
f 2612/412/5 2609/438/5 767/438/5 729/412/5
f 2609/438/6 2612/412/6 730/412/6 768/438/6
f 2613/439/1 2614/440/1 763/440/1 765/439/1
f 2614/440/2 2613/439/2 766/439/2 764/440/2
f 2614/440/7 2615/410/7 725/410/7 763/440/7
f 2615/410/8 2614/440/8 764/440/8 726/410/8
f 2615/410/27 2616/411/27 727/411/27 725/410/27
f 2616/411/28 2615/410/28 726/410/28 728/411/28
f 2616/411/5 2613/439/5 765/439/5 727/411/5
f 2613/439/6 2616/411/6 728/411/6 766/439/6
f 2617/440/1 2618/441/1 761/441/1 763/440/1
f 2618/441/2 2617/440/2 764/440/2 762/441/2
f 2618/441/7 2619/409/7 723/409/7 761/441/7
f 2619/409/8 2618/441/8 762/441/8 724/409/8
f 2619/409/27 2620/410/27 725/410/27 723/409/27
f 2620/410/28 2619/409/28 724/409/28 726/410/28
f 2620/410/5 2617/440/5 763/440/5 725/410/5
f 2617/440/6 2620/410/6 726/410/6 764/440/6
f 2621/441/1 2622/442/1 759/442/1 761/441/1
f 2622/442/2 2621/441/2 762/441/2 760/442/2
f 2622/442/7 2623/408/7 721/408/7 759/442/7
f 2623/408/8 2622/442/8 760/442/8 722/408/8
f 2623/408/27 2624/409/27 723/409/27 721/408/27
f 2624/409/28 2623/408/28 722/408/28 724/409/28
f 2624/409/5 2621/441/5 761/441/5 723/409/5
f 2621/441/6 2624/409/6 724/409/6 762/441/6
f 2625/442/1 2626/443/1 757/443/1 759/442/1
f 2626/443/2 2625/442/2 760/442/2 758/443/2
f 2626/443/7 2627/406/7 719/406/7 757/443/7
f 2627/406/8 2626/443/8 758/443/8 720/406/8
f 2627/406/27 2628/408/27 721/408/27 719/406/27
f 2628/408/28 2627/406/28 720/406/28 722/408/28
f 2628/408/5 2625/442/5 759/442/5 721/408/5
f 2625/442/6 2628/408/6 722/408/6 760/442/6
f 2629/443/1 2630/444/1 907/444/1 757/443/1
f 2630/444/2 2629/443/2 758/443/2 908/444/2
f 2630/444/53 2631/407/53 997/407/53 907/444/53
f 2631/407/54 2630/444/54 908/444/54 998/407/54
f 2631/407/27 2632/406/27 719/406/27 997/407/27
f 2632/406/28 2631/407/28 998/407/28 720/406/28
f 2632/406/5 2629/443/5 757/443/5 719/406/5
f 2629/443/6 2632/406/6 720/406/6 758/443/6
f 2633/445/1 2634/446/1 949/446/1 793/445/1
f 2634/446/2 2633/445/2 794/445/2 950/446/2
f 2634/446/55 2635/447/55 1009/447/55 949/446/55
f 2635/447/56 2634/446/56 950/446/56 1010/447/56
f 2635/447/7 2636/443/7 757/443/7 1009/447/7
f 2636/443/8 2635/447/8 1010/447/8 758/443/8
f 2636/443/27 2637/442/27 759/442/27 757/443/27
f 2637/442/28 2636/443/28 758/443/28 760/442/28
f 2637/442/5 2633/445/5 793/445/5 759/442/5
f 2633/445/6 2637/442/6 760/442/6 794/445/6
f 2638/448/1 2639/445/1 793/445/1 795/448/1
f 2639/445/2 2638/448/2 796/448/2 794/445/2
f 2639/445/7 2640/442/7 759/442/7 793/445/7
f 2640/442/8 2639/445/8 794/445/8 760/442/8
f 2640/442/27 2641/441/27 761/441/27 759/442/27
f 2641/441/28 2640/442/28 760/442/28 762/441/28
f 2641/441/5 2638/448/5 795/448/5 761/441/5
f 2638/448/6 2641/441/6 762/441/6 796/448/6
f 2642/449/1 2643/448/1 795/448/1 797/449/1
f 2643/448/2 2642/449/2 798/449/2 796/448/2
f 2643/448/7 2644/441/7 761/441/7 795/448/7
f 2644/441/8 2643/448/8 796/448/8 762/441/8
f 2644/441/27 2645/440/27 763/440/27 761/441/27
f 2645/440/28 2644/441/28 762/441/28 764/440/28
f 2645/440/5 2642/449/5 797/449/5 763/440/5
f 2642/449/6 2645/440/6 764/440/6 798/449/6
f 2646/450/1 2647/449/1 797/449/1 799/450/1
f 2647/449/2 2646/450/2 800/450/2 798/449/2
f 2647/449/7 2648/440/7 763/440/7 797/449/7
f 2648/440/8 2647/449/8 798/449/8 764/440/8
f 2648/440/27 2649/439/27 765/439/27 763/440/27
f 2649/439/28 2648/440/28 764/440/28 766/439/28
f 2649/439/5 2646/450/5 799/450/5 765/439/5
f 2646/450/6 2649/439/6 766/439/6 800/450/6
f 2650/451/1 2651/450/1 799/450/1 801/451/1
f 2651/450/2 2650/451/2 802/451/2 800/450/2
f 2651/450/7 2652/439/7 765/439/7 799/450/7
f 2652/439/8 2651/450/8 800/450/8 766/439/8
f 2652/439/27 2653/438/27 767/438/27 765/439/27
f 2653/438/28 2652/439/28 766/439/28 768/438/28
f 2653/438/5 2650/451/5 801/451/5 767/438/5
f 2650/451/6 2653/438/6 768/438/6 802/451/6
f 2654/452/1 2655/451/1 801/451/1 803/452/1
f 2655/451/2 2654/452/2 804/452/2 802/451/2
f 2655/451/7 2656/438/7 767/438/7 801/451/7
f 2656/438/8 2655/451/8 802/451/8 768/438/8
f 2656/438/27 2657/437/27 769/437/27 767/438/27
f 2657/437/28 2656/438/28 768/438/28 770/437/28
f 2657/437/5 2654/452/5 803/452/5 769/437/5
f 2654/452/6 2657/437/6 770/437/6 804/452/6
f 2658/453/1 2659/452/1 803/452/1 805/453/1
f 2659/452/2 2658/453/2 806/453/2 804/452/2
f 2659/452/7 2660/437/7 769/437/7 803/452/7
f 2660/437/8 2659/452/8 804/452/8 770/437/8
f 2660/437/27 2661/436/27 771/436/27 769/437/27
f 2661/436/28 2660/437/28 770/437/28 772/436/28
f 2661/436/5 2658/453/5 805/453/5 771/436/5
f 2658/453/6 2661/436/6 772/436/6 806/453/6
f 2662/454/1 2663/453/1 805/453/1 807/454/1
f 2663/453/2 2662/454/2 808/454/2 806/453/2
f 2663/453/7 2664/436/7 771/436/7 805/453/7
f 2664/436/8 2663/453/8 806/453/8 772/436/8
f 2664/436/27 2665/435/27 773/435/27 771/436/27
f 2665/435/28 2664/436/28 772/436/28 774/435/28
f 2665/435/5 2662/454/5 807/454/5 773/435/5
f 2662/454/6 2665/435/6 774/435/6 808/454/6
f 2666/455/1 2667/454/1 807/454/1 809/455/1
f 2667/454/2 2666/455/2 810/455/2 808/454/2
f 2667/454/7 2668/435/7 773/435/7 807/454/7
f 2668/435/8 2667/454/8 808/454/8 774/435/8
f 2668/435/27 2669/434/27 775/434/27 773/435/27
f 2669/434/28 2668/435/28 774/435/28 776/434/28
f 2669/434/5 2666/455/5 809/455/5 775/434/5
f 2666/455/6 2669/434/6 776/434/6 810/455/6
f 2670/456/1 2671/455/1 809/455/1 811/456/1
f 2671/455/2 2670/456/2 812/456/2 810/455/2
f 2671/455/7 2672/434/7 775/434/7 809/455/7
f 2672/434/8 2671/455/8 810/455/8 776/434/8
f 2672/434/27 2673/433/27 777/433/27 775/434/27
f 2673/433/28 2672/434/28 776/434/28 778/433/28
f 2673/433/5 2670/456/5 811/456/5 777/433/5
f 2670/456/6 2673/433/6 778/433/6 812/456/6
f 2674/457/1 2675/456/1 811/456/1 813/457/1
f 2675/456/2 2674/457/2 814/457/2 812/456/2
f 2675/456/7 2676/433/7 777/433/7 811/456/7
f 2676/433/8 2675/456/8 812/456/8 778/433/8
f 2676/433/27 2677/432/27 779/432/27 777/433/27
f 2677/432/28 2676/433/28 778/433/28 780/432/28
f 2677/432/5 2674/457/5 813/457/5 779/432/5
f 2674/457/6 2677/432/6 780/432/6 814/457/6
f 2678/458/1 2679/457/1 813/457/1 815/458/1
f 2679/457/2 2678/458/2 816/458/2 814/457/2
f 2679/457/7 2680/432/7 779/432/7 813/457/7
f 2680/432/8 2679/457/8 814/457/8 780/432/8
f 2680/432/27 2681/431/27 781/431/27 779/432/27
f 2681/431/28 2680/432/28 780/432/28 782/431/28
f 2681/431/5 2678/458/5 815/458/5 781/431/5
f 2678/458/6 2681/431/6 782/431/6 816/458/6
f 2682/459/1 2683/458/1 815/458/1 817/459/1
f 2683/458/2 2682/459/2 818/459/2 816/458/2
f 2683/458/7 2684/431/7 781/431/7 815/458/7
f 2684/431/8 2683/458/8 816/458/8 782/431/8
f 2684/431/27 2685/430/27 783/430/27 781/431/27
f 2685/430/28 2684/431/28 782/431/28 784/430/28
f 2685/430/5 2682/459/5 817/459/5 783/430/5
f 2682/459/6 2685/430/6 784/430/6 818/459/6
f 2686/460/1 2687/459/1 817/459/1 819/460/1
f 2687/459/2 2686/460/2 820/460/2 818/459/2
f 2687/459/7 2688/430/7 783/430/7 817/459/7
f 2688/430/8 2687/459/8 818/459/8 784/430/8
f 2688/430/27 2689/429/27 785/429/27 783/430/27
f 2689/429/28 2688/430/28 784/430/28 786/429/28
f 2689/429/5 2686/460/5 819/460/5 785/429/5
f 2686/460/6 2689/429/6 786/429/6 820/460/6
f 2690/461/1 2691/460/1 819/460/1 821/461/1
f 2691/460/2 2690/461/2 822/461/2 820/460/2
f 2691/460/7 2692/429/7 785/429/7 819/460/7
f 2692/429/8 2691/460/8 820/460/8 786/429/8
f 2692/429/27 2693/428/27 787/428/27 785/429/27
f 2693/428/28 2692/429/28 786/429/28 788/428/28
f 2693/428/5 2690/461/5 821/461/5 787/428/5
f 2690/461/6 2693/428/6 788/428/6 822/461/6
f 2694/462/1 2695/461/1 821/461/1 823/462/1
f 2695/461/2 2694/462/2 824/462/2 822/461/2
f 2695/461/7 2696/428/7 787/428/7 821/461/7
f 2696/428/8 2695/461/8 822/461/8 788/428/8
f 2696/428/27 2697/427/27 789/427/27 787/428/27
f 2697/427/28 2696/428/28 788/428/28 790/427/28
f 2697/427/5 2694/462/5 823/462/5 789/427/5
f 2694/462/6 2697/427/6 790/427/6 824/462/6
f 2698/463/1 2699/464/1 849/464/1 851/463/1
f 2699/464/2 2698/463/2 852/463/2 850/464/2
f 2699/464/7 2700/460/7 819/460/7 849/464/7
f 2700/460/8 2699/464/8 850/464/8 820/460/8
f 2700/460/27 2701/461/27 821/461/27 819/460/27
f 2701/461/28 2700/460/28 820/460/28 822/461/28
f 2701/461/5 2698/463/5 851/463/5 821/461/5
f 2698/463/6 2701/461/6 822/461/6 852/463/6
f 2702/464/1 2703/465/1 847/465/1 849/464/1
f 2703/465/2 2702/464/2 850/464/2 848/465/2
f 2703/465/7 2704/459/7 817/459/7 847/465/7
f 2704/459/8 2703/465/8 848/465/8 818/459/8
f 2704/459/27 2705/460/27 819/460/27 817/459/27
f 2705/460/28 2704/459/28 818/459/28 820/460/28
f 2705/460/5 2702/464/5 849/464/5 819/460/5
f 2702/464/6 2705/460/6 820/460/6 850/464/6
f 2706/465/1 2707/466/1 845/466/1 847/465/1
f 2707/466/2 2706/465/2 848/465/2 846/466/2
f 2707/466/7 2708/458/7 815/458/7 845/466/7
f 2708/458/8 2707/466/8 846/466/8 816/458/8
f 2708/458/27 2709/459/27 817/459/27 815/458/27
f 2709/459/28 2708/458/28 816/458/28 818/459/28
f 2709/459/5 2706/465/5 847/465/5 817/459/5
f 2706/465/6 2709/459/6 818/459/6 848/465/6
f 2710/466/1 2711/467/1 843/467/1 845/466/1
f 2711/467/2 2710/466/2 846/466/2 844/467/2
f 2711/467/7 2712/457/7 813/457/7 843/467/7
f 2712/457/8 2711/467/8 844/467/8 814/457/8
f 2712/457/27 2713/458/27 815/458/27 813/457/27
f 2713/458/28 2712/457/28 814/457/28 816/458/28
f 2713/458/5 2710/466/5 845/466/5 815/458/5
f 2710/466/6 2713/458/6 816/458/6 846/466/6
f 2714/467/1 2715/468/1 841/468/1 843/467/1
f 2715/468/2 2714/467/2 844/467/2 842/468/2
f 2715/468/7 2716/456/7 811/456/7 841/468/7
f 2716/456/8 2715/468/8 842/468/8 812/456/8
f 2716/456/27 2717/457/27 813/457/27 811/456/27
f 2717/457/28 2716/456/28 812/456/28 814/457/28
f 2717/457/5 2714/467/5 843/467/5 813/457/5
f 2714/467/6 2717/457/6 814/457/6 844/467/6
f 2718/468/1 2719/469/1 839/469/1 841/468/1
f 2719/469/2 2718/468/2 842/468/2 840/469/2
f 2719/469/7 2720/455/7 809/455/7 839/469/7
f 2720/455/8 2719/469/8 840/469/8 810/455/8
f 2720/455/27 2721/456/27 811/456/27 809/455/27
f 2721/456/28 2720/455/28 810/455/28 812/456/28
f 2721/456/5 2718/468/5 841/468/5 811/456/5
f 2718/468/6 2721/456/6 812/456/6 842/468/6
f 2722/469/1 2723/470/1 837/470/1 839/469/1
f 2723/470/2 2722/469/2 840/469/2 838/470/2
f 2723/470/7 2724/454/7 807/454/7 837/470/7
f 2724/454/8 2723/470/8 838/470/8 808/454/8
f 2724/454/27 2725/455/27 809/455/27 807/454/27
f 2725/455/28 2724/454/28 808/454/28 810/455/28
f 2725/455/5 2722/469/5 839/469/5 809/455/5
f 2722/469/6 2725/455/6 810/455/6 840/469/6
f 2726/470/1 2727/471/1 835/471/1 837/470/1
f 2727/471/2 2726/470/2 838/470/2 836/471/2
f 2727/471/7 2728/453/7 805/453/7 835/471/7
f 2728/453/8 2727/471/8 836/471/8 806/453/8
f 2728/453/27 2729/454/27 807/454/27 805/453/27
f 2729/454/28 2728/453/28 806/453/28 808/454/28
f 2729/454/5 2726/470/5 837/470/5 807/454/5
f 2726/470/6 2729/454/6 808/454/6 838/470/6
f 2730/471/1 2731/472/1 833/472/1 835/471/1
f 2731/472/2 2730/471/2 836/471/2 834/472/2
f 2731/472/7 2732/452/7 803/452/7 833/472/7
f 2732/452/8 2731/472/8 834/472/8 804/452/8
f 2732/452/27 2733/453/27 805/453/27 803/452/27
f 2733/453/28 2732/452/28 804/452/28 806/453/28
f 2733/453/5 2730/471/5 835/471/5 805/453/5
f 2730/471/6 2733/453/6 806/453/6 836/471/6
f 2734/472/1 2735/473/1 831/473/1 833/472/1
f 2735/473/2 2734/472/2 834/472/2 832/473/2
f 2735/473/7 2736/451/7 801/451/7 831/473/7
f 2736/451/8 2735/473/8 832/473/8 802/451/8
f 2736/451/27 2737/452/27 803/452/27 801/451/27
f 2737/452/28 2736/451/28 802/451/28 804/452/28
f 2737/452/5 2734/472/5 833/472/5 803/452/5
f 2734/472/6 2737/452/6 804/452/6 834/472/6
f 2738/473/1 2739/474/1 829/474/1 831/473/1
f 2739/474/2 2738/473/2 832/473/2 830/474/2
f 2739/474/7 2740/450/7 799/450/7 829/474/7
f 2740/450/8 2739/474/8 830/474/8 800/450/8
f 2740/450/27 2741/451/27 801/451/27 799/450/27
f 2741/451/28 2740/450/28 800/450/28 802/451/28
f 2741/451/5 2738/473/5 831/473/5 801/451/5
f 2738/473/6 2741/451/6 802/451/6 832/473/6
f 2742/474/1 2743/475/1 827/475/1 829/474/1
f 2743/475/2 2742/474/2 830/474/2 828/475/2
f 2743/475/7 2744/449/7 797/449/7 827/475/7
f 2744/449/8 2743/475/8 828/475/8 798/449/8
f 2744/449/27 2745/450/27 799/450/27 797/449/27
f 2745/450/28 2744/449/28 798/449/28 800/450/28
f 2745/450/5 2742/474/5 829/474/5 799/450/5
f 2742/474/6 2745/450/6 800/450/6 830/474/6
f 2746/475/1 2747/476/1 825/476/1 827/475/1
f 2747/476/2 2746/475/2 828/475/2 826/476/2
f 2747/476/7 2748/448/7 795/448/7 825/476/7
f 2748/448/8 2747/476/8 826/476/8 796/448/8
f 2748/448/27 2749/449/27 797/449/27 795/448/27
f 2749/449/28 2748/448/28 796/448/28 798/449/28
f 2749/449/5 2746/475/5 827/475/5 797/449/5
f 2746/475/6 2749/449/6 798/449/6 828/475/6
f 2750/476/1 2751/477/1 1015/477/1 825/476/1
f 2751/477/2 2750/476/2 826/476/2 1016/477/2
f 2751/477/55 2752/478/55 985/478/55 1015/477/55
f 2752/478/56 2751/477/56 1016/477/56 986/478/56
f 2752/478/7 2753/445/7 793/445/7 985/478/7
f 2753/445/8 2752/478/8 986/478/8 794/445/8
f 2753/445/27 2754/448/27 795/448/27 793/445/27
f 2754/448/28 2753/445/28 794/445/28 796/448/28
f 2754/448/5 2750/476/5 825/476/5 795/448/5
f 2750/476/6 2754/448/6 796/448/6 826/476/6
f 2755/479/57 2756/480/57 1021/480/57 1013/479/57
f 2756/480/58 2755/479/58 1014/479/58 1022/480/58
f 2756/480/59 2757/481/59 865/481/59 1021/480/59
f 2757/481/60 2756/480/60 1022/480/60 866/481/60
f 2757/481/1 2758/341/1 635/341/1 865/481/1
f 2758/341/2 2757/481/2 866/481/2 636/341/2
f 2758/341/7 2759/340/7 593/340/7 635/341/7
f 2759/340/8 2758/341/8 636/341/8 594/340/8
f 2759/340/27 2755/479/27 1013/479/27 593/340/27
f 2755/479/28 2759/340/28 594/340/28 1014/479/28
f 2760/482/61 2761/483/61 1005/483/61 863/482/61
f 2761/483/62 2760/482/62 864/482/62 1006/483/62
f 2761/483/1 2762/162/1 257/162/1 1005/483/1
f 2762/162/2 2761/483/2 1006/483/2 258/162/2
f 2762/162/7 2763/117/7 215/117/7 257/162/7
f 2763/117/8 2762/162/8 258/162/8 216/117/8
f 2763/117/27 2760/482/27 863/482/27 215/117/27
f 2760/482/28 2763/117/28 216/117/28 864/482/28
f 2764/481/59 2765/484/59 993/484/59 865/481/59
f 2765/484/60 2764/481/60 866/481/60 994/484/60
f 2765/484/1 2766/384/1 677/384/1 993/484/1
f 2766/384/2 2765/484/2 994/484/2 678/384/2
f 2766/384/7 2767/341/7 635/341/7 677/384/7
f 2767/341/8 2766/384/8 678/384/8 636/341/8
f 2767/341/27 2764/481/27 865/481/27 635/341/27
f 2764/481/28 2767/341/28 636/341/28 866/481/28
f 2768/483/63 2769/485/63 883/485/63 1005/483/63
f 2769/485/64 2768/483/64 1006/483/64 884/485/64
f 2769/485/1 2770/163/1 299/163/1 883/485/1
f 2770/163/2 2769/485/2 884/485/2 300/163/2
f 2770/163/7 2771/162/7 257/162/7 299/163/7
f 2771/162/8 2770/163/8 300/163/8 258/162/8
f 2771/162/27 2768/483/27 1005/483/27 257/162/27
f 2768/483/28 2771/162/28 258/162/28 1006/483/28
f 2772/484/65 2773/486/65 913/486/65 993/484/65
f 2773/486/66 2772/484/66 994/484/66 914/486/66
f 2773/486/7 2774/384/7 677/384/7 913/486/7
f 2774/384/8 2773/486/8 914/486/8 678/384/8
f 2774/384/27 2772/484/27 993/484/27 677/384/27
f 2772/484/28 2774/384/28 678/384/28 994/484/28
f 2775/486/65 2776/487/65 853/487/65 913/486/65
f 2776/487/66 2775/486/66 914/486/66 854/487/66
f 2776/487/1 2777/385/1 717/385/1 853/487/1
f 2777/385/2 2776/487/2 854/487/2 718/385/2
f 2777/385/7 2778/383/7 675/383/7 717/385/7
f 2778/383/8 2777/385/8 718/385/8 676/383/8
f 2778/383/27 2779/384/27 677/384/27 675/383/27
f 2779/384/28 2778/383/28 676/383/28 678/384/28
f 2779/384/5 2775/486/5 913/486/5 677/384/5
f 2775/486/6 2779/384/6 678/384/6 914/486/6
f 2780/488/67 2781/489/67 899/489/67 893/488/67
f 2781/489/68 2780/488/68 894/488/68 900/489/68
f 2781/489/1 2782/462/1 823/462/1 899/489/1
f 2782/462/2 2781/489/2 900/489/2 824/462/2
f 2782/462/7 2783/427/7 789/427/7 823/462/7
f 2783/427/8 2782/462/8 824/462/8 790/427/8
f 2783/427/27 2784/426/27 791/426/27 789/427/27
f 2784/426/28 2783/427/28 790/427/28 792/426/28
f 2784/426/5 2780/488/5 893/488/5 791/426/5
f 2780/488/6 2784/426/6 792/426/6 894/488/6
f 2785/490/67 2786/488/67 893/488/67 959/490/67
f 2786/488/68 2785/490/68 960/490/68 894/488/68
f 2786/488/7 2787/426/7 791/426/7 893/488/7
f 2787/426/8 2786/488/8 894/488/8 792/426/8
f 2787/426/27 2785/490/27 959/490/27 791/426/27
f 2785/490/28 2787/426/28 792/426/28 960/490/28
f 2788/491/69 2789/492/69 919/492/69 1017/491/69
f 2789/492/70 2788/491/70 1018/491/70 920/492/70
f 2789/492/1 2790/252/1 425/252/1 919/492/1
f 2790/252/2 2789/492/2 920/492/2 426/252/2
f 2790/252/7 2791/208/7 383/208/7 425/252/7
f 2791/208/8 2790/252/8 426/252/8 384/208/8
f 2791/208/27 2788/491/27 1017/491/27 383/208/27
f 2788/491/28 2791/208/28 384/208/28 1018/491/28
f 2792/493/67 2793/490/67 959/490/67 915/493/67
f 2793/490/68 2792/493/68 916/493/68 960/490/68
f 2793/490/1 2794/426/1 791/426/1 959/490/1
f 2794/426/2 2793/490/2 960/490/2 792/426/2
f 2794/426/7 2795/424/7 753/424/7 791/426/7
f 2795/424/8 2794/426/8 792/426/8 754/424/8
f 2795/424/27 2796/425/27 755/425/27 753/424/27
f 2796/425/28 2795/424/28 754/424/28 756/425/28
f 2796/425/5 2792/493/5 915/493/5 755/425/5
f 2792/493/6 2796/425/6 756/425/6 916/493/6
f 2797/32/31 2798/70/31 991/70/31 937/32/31
f 2798/70/32 2797/32/32 938/32/32 992/70/32
f 2798/70/1 2799/30/1 59/30/1 991/70/1
f 2799/30/2 2798/70/2 992/70/2 60/30/2
f 2799/30/7 2797/32/7 937/32/7 59/30/7
f 2797/32/8 2799/30/8 60/30/8 938/32/8
f 2800/489/67 2801/494/67 875/494/67 899/489/67
f 2801/494/68 2800/489/68 900/489/68 876/494/68
f 2801/494/7 2802/462/7 823/462/7 875/494/7
f 2802/462/8 2801/494/8 876/494/8 824/462/8
f 2802/462/27 2800/489/27 899/489/27 823/462/27
f 2800/489/28 2802/462/28 824/462/28 900/489/28
f 2803/494/71 2804/495/71 905/495/71 875/494/71
f 2804/495/72 2803/494/72 876/494/72 906/495/72
f 2804/495/1 2805/463/1 851/463/1 905/495/1
f 2805/463/2 2804/495/2 906/495/2 852/463/2
f 2805/463/7 2806/461/7 821/461/7 851/463/7
f 2806/461/8 2805/463/8 852/463/8 822/461/8
f 2806/461/27 2807/462/27 823/462/27 821/461/27
f 2807/462/28 2806/461/28 822/461/28 824/462/28
f 2807/462/5 2803/494/5 875/494/5 823/462/5
f 2803/494/6 2807/462/6 824/462/6 876/494/6
f 2808/116/73 2809/119/73 957/119/73 889/116/73
f 2809/119/74 2808/116/74 890/116/74 958/119/74
f 2809/119/1 2810/114/1 173/114/1 957/119/1
f 2810/114/2 2809/119/2 958/119/2 174/114/2
f 2810/114/7 2808/116/7 889/116/7 173/114/7
f 2808/116/8 2810/114/8 174/114/8 890/116/8
f 2811/492/75 2812/496/75 963/496/75 919/492/75
f 2812/496/76 2811/492/76 920/492/76 964/496/76
f 2812/496/1 2813/253/1 467/253/1 963/496/1
f 2813/253/2 2812/496/2 964/496/2 468/253/2
f 2813/253/7 2814/252/7 425/252/7 467/253/7
f 2814/252/8 2813/253/8 468/253/8 426/252/8
f 2814/252/27 2811/492/27 919/492/27 425/252/27
f 2811/492/28 2814/252/28 426/252/28 920/492/28
f 2815/120/77 2816/482/77 863/482/77 877/120/77
f 2816/482/78 2815/120/78 878/120/78 864/482/78
f 2816/482/1 2817/117/1 215/117/1 863/482/1
f 2817/117/2 2816/482/2 864/482/2 216/117/2
f 2817/117/7 2815/120/7 877/120/7 215/117/7
f 2815/120/8 2817/117/8 216/117/8 878/120/8
f 2818/478/55 2819/446/55 949/446/55 985/478/55
f 2819/446/56 2818/478/56 986/478/56 950/446/56
f 2819/446/27 2820/445/27 793/445/27 949/446/27
f 2820/445/28 2819/446/28 950/446/28 794/445/28
f 2820/445/5 2818/478/5 985/478/5 793/445/5
f 2818/478/6 2820/445/6 794/445/6 986/478/6
f 2821/497/55 2822/477/55 1015/477/55 965/497/55
f 2822/477/56 2821/497/56 966/497/56 1016/477/56
f 2822/477/27 2823/476/27 825/476/27 1015/477/27
f 2823/476/28 2822/477/28 1016/477/28 826/476/28
f 2823/476/5 2821/497/5 965/497/5 825/476/5
f 2821/497/6 2823/476/6 826/476/6 966/497/6
f 2824/498/79 2825/497/79 965/497/79 967/498/79
f 2825/497/80 2824/498/80 968/498/80 966/497/80
f 2825/497/7 2826/476/7 825/476/7 965/497/7
f 2826/476/8 2825/497/8 966/497/8 826/476/8
f 2826/476/27 2827/475/27 827/475/27 825/476/27
f 2827/475/28 2826/476/28 826/476/28 828/475/28
f 2827/475/5 2824/498/5 967/498/5 827/475/5
f 2824/498/6 2827/475/6 828/475/6 968/498/6
f 2828/499/79 2829/498/79 967/498/79 971/499/79
f 2829/498/80 2828/499/80 972/499/80 968/498/80
f 2829/498/7 2830/475/7 827/475/7 967/498/7
f 2830/475/8 2829/498/8 968/498/8 828/475/8
f 2830/475/27 2831/474/27 829/474/27 827/475/27
f 2831/474/28 2830/475/28 828/475/28 830/474/28
f 2831/474/5 2828/499/5 971/499/5 829/474/5
f 2828/499/6 2831/474/6 830/474/6 972/499/6
f 2832/500/79 2833/499/79 971/499/79 973/500/79
f 2833/499/80 2832/500/80 974/500/80 972/499/80
f 2833/499/7 2834/474/7 829/474/7 971/499/7
f 2834/474/8 2833/499/8 972/499/8 830/474/8
f 2834/474/27 2835/473/27 831/473/27 829/474/27
f 2835/473/28 2834/474/28 830/474/28 832/473/28
f 2835/473/5 2832/500/5 973/500/5 831/473/5
f 2832/500/6 2835/473/6 832/473/6 974/500/6
f 2836/487/81 2837/501/81 999/501/81 853/487/81
f 2837/501/82 2836/487/82 854/487/82 1000/501/82
f 2837/501/7 2838/385/7 717/385/7 999/501/7
f 2838/385/8 2837/501/8 1000/501/8 718/385/8
f 2838/385/27 2836/487/27 853/487/27 717/385/27
f 2836/487/28 2838/385/28 718/385/28 854/487/28
f 2839/485/83 2840/502/83 955/502/83 883/485/83
f 2840/502/84 2839/485/84 884/485/84 956/502/84
f 2840/502/1 2841/207/1 341/207/1 955/502/1
f 2841/207/2 2840/502/2 956/502/2 342/207/2
f 2841/207/7 2842/163/7 299/163/7 341/207/7
f 2842/163/8 2841/207/8 342/207/8 300/163/8
f 2842/163/27 2839/485/27 883/485/27 299/163/27
f 2839/485/28 2842/163/28 300/163/28 884/485/28
f 2843/503/85 2844/504/85 1029/504/85 977/503/85
f 2844/504/86 2843/503/86 978/503/86 1030/504/86
f 2844/504/79 2845/500/79 973/500/79 1029/504/79
f 2845/500/80 2844/504/80 1030/504/80 974/500/80
f 2845/500/7 2846/473/7 831/473/7 973/500/7
f 2846/473/8 2845/500/8 974/500/8 832/473/8
f 2846/473/27 2847/472/27 833/472/27 831/473/27
f 2847/472/28 2846/473/28 832/473/28 834/472/28
f 2847/472/5 2843/503/5 977/503/5 833/472/5
f 2843/503/6 2847/472/6 834/472/6 978/503/6
f 2848/502/87 2849/491/87 1017/491/87 955/502/87
f 2849/491/88 2848/502/88 956/502/88 1018/491/88
f 2849/491/1 2850/208/1 383/208/1 1017/491/1
f 2850/208/2 2849/491/2 1018/491/2 384/208/2
f 2850/208/7 2851/207/7 341/207/7 383/208/7
f 2851/207/8 2850/208/8 384/208/8 342/207/8
f 2851/207/27 2848/502/27 955/502/27 341/207/27
f 2848/502/28 2851/207/28 342/207/28 956/502/28
f 2852/505/85 2853/503/85 977/503/85 983/505/85
f 2853/503/86 2852/505/86 984/505/86 978/503/86
f 2853/503/7 2854/472/7 833/472/7 977/503/7
f 2854/472/8 2853/503/8 978/503/8 834/472/8
f 2854/472/27 2855/471/27 835/471/27 833/472/27
f 2855/471/28 2854/472/28 834/472/28 836/471/28
f 2855/471/5 2852/505/5 983/505/5 835/471/5
f 2852/505/6 2855/471/6 836/471/6 984/505/6
f 2856/506/85 2857/505/85 983/505/85 989/506/85
f 2857/505/86 2856/506/86 990/506/86 984/505/86
f 2857/505/7 2858/471/7 835/471/7 983/505/7
f 2858/471/8 2857/505/8 984/505/8 836/471/8
f 2858/471/27 2859/470/27 837/470/27 835/471/27
f 2859/470/28 2858/471/28 836/471/28 838/470/28
f 2859/470/5 2856/506/5 989/506/5 837/470/5
f 2856/506/6 2859/470/6 838/470/6 990/506/6
f 2860/507/89 2861/508/89 1031/508/89 995/507/89
f 2861/508/90 2860/507/90 996/507/90 1032/508/90
f 2861/508/85 2862/506/85 989/506/85 1031/508/85
f 2862/506/86 2861/508/86 1032/508/86 990/506/86
f 2862/506/7 2863/470/7 837/470/7 989/506/7
f 2863/470/8 2862/506/8 990/506/8 838/470/8
f 2863/470/27 2864/469/27 839/469/27 837/470/27
f 2864/469/28 2863/470/28 838/470/28 840/469/28
f 2864/469/5 2860/507/5 995/507/5 839/469/5
f 2860/507/6 2864/469/6 840/469/6 996/507/6
f 2865/509/91 2866/510/91 1033/510/91 931/509/91
f 2866/510/92 2865/509/92 932/509/92 1034/510/92
f 2866/510/67 2867/493/67 915/493/67 1033/510/67
f 2867/493/68 2866/510/68 1034/510/68 916/493/68
f 2867/493/7 2868/425/7 755/425/7 915/493/7
f 2868/425/8 2867/493/8 916/493/8 756/425/8
f 2868/425/27 2865/509/27 931/509/27 755/425/27
f 2865/509/28 2868/425/28 756/425/28 932/509/28
f 2869/511/89 2870/507/89 995/507/89 1001/511/89
f 2870/507/90 2869/511/90 1002/511/90 996/507/90
f 2870/507/7 2871/469/7 839/469/7 995/507/7
f 2871/469/8 2870/507/8 996/507/8 840/469/8
f 2871/469/27 2872/468/27 841/468/27 839/469/27
f 2872/468/28 2871/469/28 840/469/28 842/468/28
f 2872/468/5 2869/511/5 1001/511/5 841/468/5
f 2869/511/6 2872/468/6 842/468/6 1002/511/6
f 2873/512/89 2874/511/89 1001/511/89 1003/512/89
f 2874/511/90 2873/512/90 1004/512/90 1002/511/90
f 2874/511/7 2875/468/7 841/468/7 1001/511/7
f 2875/468/8 2874/511/8 1002/511/8 842/468/8
f 2875/468/27 2876/467/27 843/467/27 841/468/27
f 2876/467/28 2875/468/28 842/468/28 844/467/28
f 2876/467/5 2873/512/5 1003/512/5 843/467/5
f 2873/512/6 2876/467/6 844/467/6 1004/512/6
f 2877/513/93 2878/512/93 1003/512/93 1007/513/93
f 2878/512/94 2877/513/94 1008/513/94 1004/512/94
f 2878/512/7 2879/467/7 843/467/7 1003/512/7
f 2879/467/8 2878/512/8 1004/512/8 844/467/8
f 2879/467/27 2880/466/27 845/466/27 843/467/27
f 2880/466/28 2879/467/28 844/467/28 846/466/28
f 2880/466/5 2877/513/5 1007/513/5 845/466/5
f 2877/513/6 2880/466/6 846/466/6 1008/513/6
f 2881/514/93 2882/513/93 1007/513/93 1011/514/93
f 2882/513/94 2881/514/94 1012/514/94 1008/513/94
f 2882/513/7 2883/466/7 845/466/7 1007/513/7
f 2883/466/8 2882/513/8 1008/513/8 846/466/8
f 2883/466/27 2884/465/27 847/465/27 845/466/27
f 2884/465/28 2883/466/28 846/466/28 848/465/28
f 2884/465/5 2881/514/5 1011/514/5 847/465/5
f 2881/514/6 2884/465/6 848/465/6 1012/514/6
f 2885/515/93 2886/514/93 1011/514/93 1019/515/93
f 2886/514/94 2885/515/94 1020/515/94 1012/514/94
f 2886/514/7 2887/465/7 847/465/7 1011/514/7
f 2887/465/8 2886/514/8 1012/514/8 848/465/8
f 2887/465/27 2888/464/27 849/464/27 847/465/27
f 2888/464/28 2887/465/28 848/465/28 850/464/28
f 2888/464/5 2885/515/5 1019/515/5 849/464/5
f 2885/515/6 2888/464/6 850/464/6 1020/515/6
f 2889/516/71 2890/515/71 1019/515/71 855/516/71
f 2890/515/72 2889/516/72 856/516/72 1020/515/72
f 2890/515/7 2891/464/7 849/464/7 1019/515/7
f 2891/464/8 2890/515/8 1020/515/8 850/464/8
f 2891/464/27 2892/463/27 851/463/27 849/464/27
f 2892/463/28 2891/464/28 850/464/28 852/463/28
f 2892/463/95 2889/516/95 855/516/95 851/463/95
f 2889/516/96 2892/463/96 852/463/96 856/516/96
f 2893/495/97 2894/516/97 855/516/97 905/495/97
f 2894/516/98 2893/495/98 906/495/98 856/516/98
f 2894/516/6 2895/463/6 851/463/6 855/516/6
f 2895/463/5 2894/516/5 856/516/5 852/463/5
f 2895/463/99 2893/495/99 905/495/99 851/463/99
f 2893/495/100 2895/463/100 852/463/100 906/495/100
f 2896/71/31 2897/517/31 1035/517/31 921/71/31
f 2897/517/32 2896/71/32 922/71/32 1036/517/32
f 2897/517/33 2898/74/33 925/74/33 1035/517/33
f 2898/74/34 2897/517/34 1036/517/34 926/74/34
f 2898/74/1 2899/69/1 95/69/1 925/74/1
f 2899/69/2 2898/74/2 926/74/2 96/69/2
f 2899/69/7 2896/71/7 921/71/7 95/69/7
f 2896/71/8 2899/69/8 96/69/8 922/71/8
f 2900/496/101 2901/518/101 881/518/101 963/496/101
f 2901/518/102 2900/496/102 964/496/102 882/518/102
f 2901/518/1 2902/296/1 509/296/1 881/518/1
f 2902/296/2 2901/518/2 882/518/2 510/296/2
f 2902/296/7 2903/253/7 467/253/7 509/296/7
f 2903/253/8 2902/296/8 510/296/8 468/253/8
f 2903/253/27 2900/496/27 963/496/27 467/253/27
f 2900/496/28 2903/253/28 468/253/28 964/496/28
f 2904/501/91 2905/509/91 931/509/91 999/501/91
f 2905/509/82 2904/501/82 1000/501/82 932/509/82
f 2905/509/1 2906/425/1 755/425/1 931/509/1
f 2906/425/2 2905/509/2 932/509/2 756/425/2
f 2906/425/7 2907/386/7 715/386/7 755/425/7
f 2907/386/8 2906/425/8 756/425/8 716/386/8
f 2907/386/27 2908/385/27 717/385/27 715/386/27
f 2908/385/28 2907/386/28 716/386/28 718/385/28
f 2908/385/5 2904/501/5 999/501/5 717/385/5
f 2904/501/6 2908/385/6 718/385/6 1000/501/6
f 2909/518/103 2910/519/103 929/519/103 881/518/103
f 2910/519/104 2909/518/104 882/518/104 930/519/104
f 2910/519/1 2911/297/1 551/297/1 929/519/1
f 2911/297/2 2910/519/2 930/519/2 552/297/2
f 2911/297/7 2912/296/7 509/296/7 551/297/7
f 2912/296/8 2911/297/8 552/297/8 510/296/8
f 2912/296/27 2909/518/27 881/518/27 509/296/27
f 2909/518/28 2912/296/28 510/296/28 882/518/28
f 2913/75/33 2914/520/33 1037/520/33 923/75/33
f 2914/520/34 2913/75/34 924/75/34 1038/520/34
f 2914/520/37 2915/115/37 953/115/37 1037/520/37
f 2915/115/38 2914/520/38 1038/520/38 954/115/38
f 2915/115/1 2916/72/1 133/72/1 953/115/1
f 2916/72/2 2915/115/2 954/115/2 134/72/2
f 2916/72/7 2913/75/7 923/75/7 133/72/7
f 2913/75/8 2916/72/8 134/72/8 924/75/8
f 2917/519/103 2918/521/103 1039/521/103 929/519/103
f 2918/521/104 2917/519/104 930/519/104 1040/521/104
f 2918/521/57 2919/479/57 1013/479/57 1039/521/57
f 2919/479/58 2918/521/58 1040/521/58 1014/479/58
f 2919/479/1 2920/340/1 593/340/1 1013/479/1
f 2920/340/2 2919/479/2 1014/479/2 594/340/2
f 2920/340/7 2921/297/7 551/297/7 593/340/7
f 2921/297/8 2920/340/8 594/340/8 552/297/8
f 2921/297/27 2917/519/27 929/519/27 551/297/27
f 2917/519/28 2921/297/28 552/297/28 930/519/28
f 2922/447/55 2923/444/55 907/444/55 1009/447/55
f 2923/444/56 2922/447/56 1010/447/56 908/444/56
f 2923/444/27 2924/443/27 757/443/27 907/444/27
f 2924/443/28 2923/444/28 908/444/28 758/443/28
f 2924/443/5 2922/447/5 1009/447/5 757/443/5
f 2922/447/6 2924/443/6 758/443/6 1010/447/6
